id,name,createdAt,updatedAt
584c5bcb-7bc5-420d-ba46-e6134f38ee48,三菱UFJ銀行,2025-05-13 07:22:23.105028,2025-05-13 07:22:23.105096
c7e1b28b-311f-49d4-b29c-cafbd09f78bc,三井住友銀行,2025-05-13 07:22:23.105028,2025-05-13 07:22:23.105096
d9ea2400-85f3-4067-950e-fc08a5933374,みずほ銀行,2025-05-13 07:22:23.105028,2025-05-13 07:22:23.105096
9c4b0822-90f0-4b34-8143-4cbe3f4ea02a,りそな銀行,2025-05-13 07:22:23.105028,2025-05-13 07:22:23.105096
c30830b1-d7b8-4443-b236-70bf95829b4b,埼玉りそな銀行,2025-05-13 07:22:23.105028,2025-05-13 07:22:23.105096
aa6fef62-82bb-4a6c-8b3b-160bab66cbee,ゆうちょ銀行,2025-05-13 07:22:23.105028,2025-05-13 07:22:23.105096
d16ee4d3-86d4-42bc-ba38-0dc578302018,セブン銀行,2025-05-13 07:22:23.105028,2025-05-13 07:22:23.105096
ccecb9b9-8445-4bd0-98ac-cd160be0bd2f,楽天銀行,2025-05-13 07:22:23.105028,2025-05-13 07:22:23.105096
67f3a725-7d16-4338-b33a-3a28203cf6a9,ソニー銀行,2025-05-13 07:22:23.105028,2025-05-13 07:22:23.105096
375d9f59-e175-4188-9761-562ac69ded47,イオン銀行,2025-05-13 07:22:23.105028,2025-05-13 07:22:23.1050967889f8cc-8fc2-481d-836e-a07cebe7288b,株式会社みずほ銀行,2025-06-21 09:58:40.309262,2025-06-21 09:58:40.309262
0cf0cab7-41ef-4deb-a47f-0a8cd6f72ef9,株式会社三井住友銀行,2025-06-21 09:58:40.309262,2025-06-21 09:58:40.309262
92e04b97-21d0-4107-8d89-c83cc7948615,株式会社三菱ＵＦＪ銀行,2025-06-21 09:58:40.309262,2025-06-21 09:58:40.309262
33ac997b-58df-4695-8300-c8e98d082d22,株式会社りそな銀行,2025-06-21 09:58:40.309262,2025-06-21 09:58:40.309262
29395d1a-5e98-4c2a-ac6d-3ed1f7cb9664,オリックス銀行株式会社,2025-06-21 09:58:40.309262,2025-06-21 09:58:40.309262
f2a4c94b-baa7-478e-ace9-82c727be3278,株式会社日本カストディ銀行,2025-06-21 09:58:40.309262,2025-06-21 09:58:40.309262
806f5c28-d3ca-49f9-b59c-5db7503a01a0,新生信託銀行株式会社,2025-06-21 09:58:40.309262,2025-06-21 09:58:40.309262
35954bcc-e4e8-45e2-83c5-bd8af567fb13,ステート・ストリート信託銀行株式会社,2025-06-21 09:58:40.309262,2025-06-21 09:58:40.309262
85082fe4-0169-4e21-82f6-db348effa92d,三井住友信託銀行株式会社,2025-06-21 09:58:40.309262,2025-06-21 09:58:40.309262
d6c9c923-4603-42b6-8fa9-bb1f8450a996,株式会社ＳＭＢＣ信託銀行,2025-06-21 09:58:40.309262,2025-06-21 09:58:40.309262
2ccb68d5-bc22-489a-bd62-7f9068262284,日証金信託銀行株式会社,2025-06-21 09:58:40.309262,2025-06-21 09:58:40.309262
9bfc02fd-dd82-49d3-8ca1-a53c0acadb3f,日本マスタートラスト信託銀行株式会社,2025-06-21 09:58:40.309262,2025-06-21 09:58:40.309262
ad5fca57-bc50-483d-ae9c-11d467fcb579,ニューヨークメロン信託銀行株式会社,2025-06-21 09:58:40.309262,2025-06-21 09:58:40.309262
c8ba57d8-ae70-4533-af2d-c3a3a08ce3de,農中信託銀行株式会社,2025-06-21 09:58:40.309262,2025-06-21 09:58:40.309262
d6d3b3c3-cb6a-4b48-b9bf-b93f3e4ef478,野村信託銀行株式会社,2025-06-21 09:58:40.309262,2025-06-21 09:58:40.309262
d085ab19-3128-451b-a8c3-b6f27f2c2260,みずほ信託銀行株式会社,2025-06-21 09:58:40.309262,2025-06-21 09:58:40.309262
78fa100e-3e5f-4fa1-bc35-422ffec676a2,三菱ＵＦＪ信託銀行株式会社,2025-06-21 09:58:40.309262,2025-06-21 09:58:40.309262
671166e5-c5a0-4d18-95bf-6f406fead755,株式会社あおぞら銀行,2025-06-21 09:58:40.309262,2025-06-21 09:58:40.309262
fb95e7ee-ea37-4491-b940-07199bc94ce6,株式会社イオン銀行,2025-06-21 09:58:40.309262,2025-06-21 09:58:40.309262
4541e7db-e15d-48b7-947e-1992658bb74e,株式会社ＳＢＪ銀行,2025-06-21 09:58:40.309262,2025-06-21 09:58:40.309262
69426a1f-0794-4075-9a8f-d7acbbeeda66,ａｕじぶん銀行株式会社,2025-06-21 09:58:40.309262,2025-06-21 09:58:40.309262
6c411b9c-254c-4e2c-a8d5-29f6e6a8884b,ＧＭＯあおぞらネット銀行株式会社,2025-06-21 09:58:40.309262,2025-06-21 09:58:40.309262
b98a453a-9c29-42a6-a671-fa589ba8c4d7,ＰａｙＰａｙ銀行株式会社,2025-06-21 09:58:40.309262,2025-06-21 09:58:40.309262
cf60ec34-bedd-41f2-8b82-674de9798598,株式会社SBI新生銀行,2025-06-21 09:58:40.309262,2025-06-21 09:58:40.309262
fa32af3f-a4aa-438a-90f7-d0177ba44357,住信SBIネット銀行株式会社,2025-06-21 09:58:40.309262,2025-06-21 09:58:40.309262
c62f54b4-a624-45a2-afdc-8822bf36c3e2,株式会社整理回収機構,2025-06-21 09:58:40.309262,2025-06-21 09:58:40.309262
53f818f4-05ea-4d5f-bd56-c0e4be6992fd,株式会社セブン銀行,2025-06-21 09:58:40.309262,2025-06-21 09:58:40.309262
2dce76a8-2c92-4b65-b65f-7a34231bd1fa,０１銀行株式会社,2025-06-21 09:58:40.309262,2025-06-21 09:58:40.309262
bffe436b-6d96-4286-8d9f-2be43d931d8e,ソニー銀行株式会社,2025-06-21 09:58:40.309262,2025-06-21 09:58:40.309262
58eba604-2173-4ffb-8fce-0958c1c22101,株式会社大和ネクスト銀行,2025-06-21 09:58:40.309262,2025-06-21 09:58:40.309262
7a013385-fbb5-4239-a395-e48f4f509f37,株式会社みんなの銀行,2025-06-21 09:58:40.309262,2025-06-21 09:58:40.309262
ed0ba04f-5908-432a-b4af-92a6482fc57b,楽天銀行株式会社,2025-06-21 09:58:40.309262,2025-06-21 09:58:40.309262
c6b5fead-0056-4cf9-be52-f7305eaad7f5,株式会社ローソン銀行,2025-06-21 09:58:40.309262,2025-06-21 09:58:40.309262
27224294-3ed9-43f4-94c5-646fff6737f4,株式会社ゆうちょ銀行,2025-06-21 09:58:40.309262,2025-06-21 09:58:40.309262
77c03057-f255-4f5f-ad55-4e742c36141a,株式会社ＵＩ銀行,2025-06-21 09:58:40.309262,2025-06-21 09:58:40.309262
ec170fcf-b794-417d-b81c-e68e7324e52d,ＪＰモルガン・チェース銀行,2025-06-21 09:58:40.309262,2025-06-21 09:58:40.309262
1b646398-cbbe-4276-a779-9f5512a3bc10,ステート・ストリート銀行,2025-06-21 09:58:40.309262,2025-06-21 09:58:40.309262
d1b0c5d1-a736-4b5d-a0e2-5503a45dadb0,バンク・オブ・アメリカ・エヌ・エイ,2025-06-21 09:58:40.309262,2025-06-21 09:58:40.309262
ca11e294-6403-4935-bc09-4d95bf94ef44,ニューヨークメロン銀行,2025-06-21 09:58:40.309262,2025-06-21 09:58:40.309262
7160034c-8d7d-4548-b70a-eaef23db043c,ウェルズ･ファーゴ銀行,2025-06-21 09:58:40.309262,2025-06-21 09:58:40.309262
5a94226a-4b25-4aaa-9990-47bec4bd48c6,シティバンク，エヌ・エイ,2025-06-21 09:58:40.309262,2025-06-21 09:58:40.309262
d8555692-5699-4111-8474-6a2d4d196ec2,インテーザ・サンパオロ・エッセ・ピー・ア,2025-06-21 09:58:40.309262,2025-06-21 09:58:40.309262
1e065f2e-e146-4bb4-976b-ad279914c45e,インドステイト銀行,2025-06-21 09:58:40.309262,2025-06-21 09:58:40.309262
f36abde9-e9e7-4069-ae32-7eb5a6f33732,バンク・オブ・インディア,2025-06-21 09:58:40.309262,2025-06-21 09:58:40.309262
1436cc1f-f14b-4ac7-bc77-c7ba037ed816,ピーティー・バンクネガラインドネシア（ペルセロ）・ティービーケー,2025-06-21 09:58:40.309262,2025-06-21 09:58:40.309262
0ff76863-c51f-4f34-9578-a8a7617d25f8,スタンダードチャータード銀行,2025-06-21 09:58:40.309262,2025-06-21 09:58:40.309262
71d3cb95-0a1e-47eb-bfaa-b5ae302929a5,バークレイズ銀行,2025-06-21 09:58:40.309262,2025-06-21 09:58:40.309262
ffb7ebf4-5c4a-4249-b08d-8b6c8d6a5638,オーストラリア・コモンウェルス銀行,2025-06-21 09:58:40.309262,2025-06-21 09:58:40.309262
b3eb423b-5002-4074-8496-1ca0e784ca2c,オーストラリア・ニュージーランド銀行,2025-06-21 09:58:40.309262,2025-06-21 09:58:40.309262
f0d137c7-8f67-46d9-9e1a-6b5bc976675b,ナショナルオーストラリア銀行,2025-06-21 09:58:40.309262,2025-06-21 09:58:40.309262
158fe8af-d22c-4f55-9ae3-3f929a20b615,アイエヌジーバンク　エヌ・ヴイ,2025-06-21 09:58:40.309262,2025-06-21 09:58:40.309262
86ea36e8-a462-4227-bef0-144de2567db8,カナダロイヤル銀行,2025-06-21 09:58:40.309262,2025-06-21 09:58:40.309262
20d8da64-947e-4d15-b6a7-056560536ab8,オーバーシー・チャイニーズ銀行,2025-06-21 09:58:40.309262,2025-06-21 09:58:40.309262
1149337c-14cd-4e84-92eb-8a5bec9bbc2f,ＤＢＳ銀行,2025-06-21 09:58:40.309262,2025-06-21 09:58:40.309262
a341d326-db69-4a5e-a6a6-4ac08cf27040,ユナイテッド・オーバーシーズ銀行,2025-06-21 09:58:40.309262,2025-06-21 09:58:40.309262
2c309de4-d624-452b-8bde-385efdf10e8b,ユービーエス・エイ・ジー,2025-06-21 09:58:40.309262,2025-06-21 09:58:40.309262
569f333a-edbf-467b-803a-f1f46208762b,ビルバオ・ビスカヤ・アルヘンタリア銀行,2025-06-21 09:58:40.309262,2025-06-21 09:58:40.309262
9626e39c-79eb-4b3e-81ad-4b8516d86ebe,バンコック銀行,2025-06-21 09:58:40.309262,2025-06-21 09:58:40.309262
20e569c5-1f33-4802-a2b9-52678ffcbf39,ウリィ銀行,2025-06-21 09:58:40.309262,2025-06-21 09:58:40.309262
d2998c83-5ab3-4733-8b68-95db07b202bd,ハナ銀行,2025-06-21 09:58:40.309262,2025-06-21 09:58:40.309262
82c124ca-bcc2-4356-9a7e-005d523d0bf0,韓国産業銀行,2025-06-21 09:58:40.309262,2025-06-21 09:58:40.309262
58a6c300-d594-4f5d-be5c-56e1689e4f9c,中小企業銀行,2025-06-21 09:58:40.309262,2025-06-21 09:58:40.309262
dac0a698-1da9-45d6-8848-8621da144144,國民銀行,2025-06-21 09:58:40.309262,2025-06-21 09:58:40.309262
041bb4a6-67b0-4e14-aaab-82abde5ec318,彰化商業銀行,2025-06-21 09:58:40.309262,2025-06-21 09:58:40.309262
e27fd67d-bfa6-4ee0-b225-dabb7ad2070a,第一商業銀行,2025-06-21 09:58:40.309262,2025-06-21 09:58:40.309262
7b320d58-b262-48af-a42f-af917ce119d8,台湾銀行,2025-06-21 09:58:40.309262,2025-06-21 09:58:40.309262
d327e5b2-670e-4fc7-b513-fba3151a200e,兆豐國際商業銀行,2025-06-21 09:58:40.309262,2025-06-21 09:58:40.309262
e16177fe-18e3-4897-a6f5-52c901795ce0,中國信託商業銀行,2025-06-21 09:58:40.309262,2025-06-21 09:58:40.309262
694ff987-f5a5-4a5f-ac58-d8439725069d,台新國際商業銀行,2025-06-21 09:58:40.309262,2025-06-21 09:58:40.309262
835d98c1-9c54-426b-bd03-871670628b44,玉山銀行,2025-06-21 09:58:40.309262,2025-06-21 09:58:40.309262
988d7f4b-2a1e-4d02-85e0-d6115b6a7bcf,台湾中小企業銀行,2025-06-21 09:58:40.309262,2025-06-21 09:58:40.309262
8d61ceaf-c26b-4a30-8bbc-55b36faab58d,交通銀行,2025-06-21 09:58:40.309262,2025-06-21 09:58:40.309262
fe7b90ba-d671-47ee-b416-673be37a7025,中國銀行,2025-06-21 09:58:40.309262,2025-06-21 09:58:40.309262
ce0431e9-cb76-4be3-b5f7-b71f9cb785e9,中国工商銀行,2025-06-21 09:58:40.309262,2025-06-21 09:58:40.309262
e016a532-54ee-4d5b-a8cb-9e3f6e7de97a,中国建設銀行,2025-06-21 09:58:40.309262,2025-06-21 09:58:40.309262
96548b42-2049-416a-ac08-bcce4ecbacd9,中国農業銀行,2025-06-21 09:58:40.309262,2025-06-21 09:58:40.309262
9f5aa2fb-5c01-4d2d-b285-9232b73f4e38,コメルツ銀行,2025-06-21 09:58:40.309262,2025-06-21 09:58:40.309262
a08c017d-ef0d-4456-b010-799ebed130c5,ドイツ銀行,2025-06-21 09:58:40.309262,2025-06-21 09:58:40.309262
50eea640-fdb2-4d20-a1e7-35eeaa9afd7e,パキスタン・ナショナル銀行,2025-06-21 09:58:40.309262,2025-06-21 09:58:40.309262
e10e125b-7bb5-4ef7-b8c8-345ff1bf54c3,フィリピン・ナショナル・バンク,2025-06-21 09:58:40.309262,2025-06-21 09:58:40.309262
dffd20a9-5d8b-4080-9c26-260cbb135b1f,メトロポリタン銀行,2025-06-21 09:58:40.309262,2025-06-21 09:58:40.309262
23ceb100-5796-44d5-aad7-47c2d3c53ff9,ブラジル銀行,2025-06-21 09:58:40.309262,2025-06-21 09:58:40.309262
cdb06d3d-818f-4c46-a0c8-0a40695e2574,クレディ・アグリコル銀行,2025-06-21 09:58:40.309262,2025-06-21 09:58:40.309262
22bdca48-cc0f-416a-bb09-48555eafab5c,ソシエテ・ジェネラル銀行,2025-06-21 09:58:40.309262,2025-06-21 09:58:40.309262
348b18fc-90dd-4546-a4b6-e43f25874a57,ビー・エヌ・ピー・パリバ銀行,2025-06-21 09:58:40.309262,2025-06-21 09:58:40.309262
e8f8bbcf-1a26-40c2-8b4a-ab40062f256a,ユバフーアラブ・フランス連合銀行,2025-06-21 09:58:40.309262,2025-06-21 09:58:40.309262
6ede1594-6465-4b15-96c0-fc132e886663,ユーロクリア・バンク・エスアー・エヌヴェー,2025-06-21 09:58:40.309262,2025-06-21 09:58:40.309262
89870e92-4d3d-4160-b5b4-9f900a503d16,香港上海銀行,2025-06-21 09:58:40.309262,2025-06-21 09:58:40.309262
4ec57ddf-12d7-45c3-8bb4-2f85ce108c78,クリアストリーム・バンキング・エス・エー,2025-06-21 09:58:40.309262,2025-06-21 09:58:40.309262
52b2373f-d554-4020-b342-b9f7dba2c4d6,株式会社北海道銀行,2025-06-21 09:58:40.309262,2025-06-21 09:58:40.309262
aed98342-a2f1-451a-9496-bbf4d3297fd4,株式会社青森みちのく銀行,2025-06-21 09:58:40.309262,2025-06-21 09:58:40.309262
cd6605ab-baa1-4d78-a945-e7b764777157,株式会社岩手銀行,2025-06-21 09:58:40.309262,2025-06-21 09:58:40.309262
e199d8ff-c43d-42f1-b6a8-8a76ffc42419,株式会社東北銀行,2025-06-21 09:58:40.309262,2025-06-21 09:58:40.309262
22920f29-ca03-4a15-9471-dd32afef3ada,株式会社七十七銀行,2025-06-21 09:58:40.309262,2025-06-21 09:58:40.309262
8f6e0138-0e6b-4e2d-8482-b8d7d981067d,株式会社秋田銀行,2025-06-21 09:58:40.309262,2025-06-21 09:58:40.309262
3ee8b917-6fc5-4fd0-9eb2-3c54b5cd935c,株式会社北都銀行,2025-06-21 09:58:40.309262,2025-06-21 09:58:40.309262
e9e8d442-8a8b-4c4d-8d75-1680ab8b0468,株式会社荘内銀行,2025-06-21 09:58:40.309262,2025-06-21 09:58:40.309262
ad583001-151b-447b-9291-9057c2cb6d7d,株式会社山形銀行,2025-06-21 09:58:40.309262,2025-06-21 09:58:40.309262
95ce3436-875a-442d-ba55-e5e44f12cd10,株式会社東邦銀行,2025-06-21 09:58:40.309262,2025-06-21 09:58:40.309262
dcb7f81d-b753-4516-b189-e8fcb2de0933,株式会社常陽銀行,2025-06-21 10:01:13.763967,2025-06-21 10:01:13.763967
25b58497-6255-4969-8f9f-4af6e0961d13,株式会社筑波銀行,2025-06-21 10:01:13.763967,2025-06-21 10:01:13.763967
5943529d-00fe-4d41-a3e3-0f8dc0e52b7b,株式会社足利銀行,2025-06-21 10:01:13.763967,2025-06-21 10:01:13.763967
8868c86e-74c4-40d1-8ebd-71f42da69761,株式会社群馬銀行,2025-06-21 10:01:13.763967,2025-06-21 10:01:13.763967
4b50f733-ce8a-4788-acb7-0d207a0c77da,株式会社武蔵野銀行,2025-06-21 10:01:13.763967,2025-06-21 10:01:13.763967
23ecde05-e271-4d2a-acee-0b508e46b0fd,株式会社千葉銀行,2025-06-21 10:01:13.763967,2025-06-21 10:01:13.763967
dcfe7751-3aff-4c30-a368-d59ebe8f463b,株式会社千葉興業銀行,2025-06-21 10:01:13.763967,2025-06-21 10:01:13.763967
90cf2136-3352-48e3-b120-df4308edd2d1,株式会社きらぼし銀行,2025-06-21 10:01:13.763967,2025-06-21 10:01:13.763967
00ebaf71-5bc5-4b22-ae8f-16c46074bb02,株式会社横浜銀行,2025-06-21 10:01:13.763967,2025-06-21 10:01:13.763967
2ebe99b4-efc5-4208-99cc-d653c7abc2af,株式会社第四北越銀行,2025-06-21 10:01:13.763967,2025-06-21 10:01:13.763967
99c31483-a07a-4c77-a447-cf8f89a2bc20,株式会社山梨中央銀行,2025-06-21 10:01:13.763967,2025-06-21 10:01:13.763967
e5095519-a162-4b0d-982d-86433c189a18,株式会社八十二銀行,2025-06-21 10:01:13.763967,2025-06-21 10:01:13.763967
51c6db16-01af-428e-96fc-32be5c042cb0,株式会社大垣共立銀行,2025-06-21 10:01:13.763967,2025-06-21 10:01:13.763967
ca79e798-758f-49fc-b185-d425b9d7b0d1,株式会社十六銀行,2025-06-21 10:01:13.763967,2025-06-21 10:01:13.763967
7270930b-6546-4109-b11c-d9bfbebaf81f,株式会社静岡銀行,2025-06-21 10:01:13.763967,2025-06-21 10:01:13.763967
69471f87-7cd3-4028-ad2e-6ea6026e9cf2,スルガ銀行株式会社,2025-06-21 10:01:13.763967,2025-06-21 10:01:13.763967
5f310e6d-cdd2-4a6a-b8fc-be287cb31316,株式会社清水銀行,2025-06-21 10:01:13.763967,2025-06-21 10:01:13.763967
9923dc17-75e3-4d94-bd21-d68eef27b69a,株式会社百五銀行,2025-06-21 10:01:13.763967,2025-06-21 10:01:13.763967
e097fbb6-9e36-427b-bddb-827819645000,株式会社三十三銀行,2025-06-21 10:01:13.763967,2025-06-21 10:01:13.763967
ea832ab4-32bd-4aa8-b7ee-e1d3c9c03b96,株式会社北陸銀行,2025-06-21 10:01:13.763967,2025-06-21 10:01:13.763967
fd05aed8-0e92-46e6-8b6a-91bca0a7bdc4,株式会社富山銀行,2025-06-21 10:01:13.763967,2025-06-21 10:01:13.763967
a093c4d8-52bd-4169-82de-07260f536e29,株式会社北國銀行,2025-06-21 10:01:13.763967,2025-06-21 10:01:13.763967
b61aeaec-3c3e-4adb-af1f-66535e717c04,株式会社福井銀行,2025-06-21 10:01:13.763967,2025-06-21 10:01:13.763967
b2868fe4-d9a5-44a2-8376-1e0bd3e23a9d,株式会社滋賀銀行,2025-06-21 10:01:13.763967,2025-06-21 10:01:13.763967
91375e9e-b5ab-4363-a8fa-f7649b7e4e68,株式会社京都銀行,2025-06-21 10:01:13.763967,2025-06-21 10:01:13.763967
58b2feab-0aad-4361-8b47-68e5fff72592,株式会社関西みらい銀行,2025-06-21 10:01:13.763967,2025-06-21 10:01:13.763967
cfe8dbb0-b13a-4788-959f-f80c16d24d42,株式会社池田泉州銀行,2025-06-21 10:01:13.763967,2025-06-21 10:01:13.763967
0658f9b4-b4d6-430d-bc1c-f6b0327d4992,株式会社但馬銀行,2025-06-21 10:01:13.763967,2025-06-21 10:01:13.763967
40b18643-3326-446f-9bd7-947dccb0e9a0,株式会社南都銀行,2025-06-21 10:01:13.763967,2025-06-21 10:01:13.763967
6047a398-7635-43ba-b08c-7bf540940bb9,株式会社紀陽銀行,2025-06-21 10:01:13.763967,2025-06-21 10:01:13.763967
2641db9e-38de-407e-bf76-395ec21573f9,株式会社鳥取銀行,2025-06-21 10:01:13.763967,2025-06-21 10:01:13.763967
facba78f-2936-430a-9fbb-a4c1139ff764,株式会社山陰合同銀行,2025-06-21 10:01:13.763967,2025-06-21 10:01:13.763967
6d683474-8b4b-464c-be2c-66f116ee0f84,株式会社中国銀行,2025-06-21 10:01:13.763967,2025-06-21 10:01:13.763967
73ed0ccd-5dae-4315-97d5-ec2f48e0abbb,株式会社広島銀行,2025-06-21 10:01:13.763967,2025-06-21 10:01:13.763967
b9b33f59-b10e-461f-bd4e-e8fe8aec697c,株式会社山口銀行,2025-06-21 10:01:13.763967,2025-06-21 10:01:13.763967
b7dd4ff5-bb76-4e5f-b933-f1313a8f67f6,株式会社阿波銀行,2025-06-21 10:01:13.763967,2025-06-21 10:01:13.763967
3ce3f9a9-e8ea-4b2e-8d45-550b6f21d297,株式会社百十四銀行,2025-06-21 10:01:13.763967,2025-06-21 10:01:13.763967
432a43c7-9f45-4b7f-8500-0098291f560b,株式会社伊予銀行,2025-06-21 10:01:13.763967,2025-06-21 10:01:13.763967
d90657db-fbbf-4d6a-af13-48eb1d530ccd,株式会社四国銀行,2025-06-21 10:01:13.763967,2025-06-21 10:01:13.763967
34754952-4229-44a9-8a18-733ea48e2164,株式会社福岡銀行,2025-06-21 10:01:13.763967,2025-06-21 10:01:13.763967
34d3d405-2899-4684-b18a-031806048a49,株式会社筑邦銀行,2025-06-21 10:01:13.763967,2025-06-21 10:01:13.763967
16ae02d0-2d62-4949-a9c4-96ba74f21596,株式会社西日本シティ銀行,2025-06-21 10:01:13.763967,2025-06-21 10:01:13.763967
aee297dd-9d27-4148-a0e2-325e1f3dd292,株式会社北九州銀行,2025-06-21 10:01:13.763967,2025-06-21 10:01:13.763967
c321a6da-6116-43eb-a41b-edcf680ec0cf,株式会社佐賀銀行,2025-06-21 10:01:13.763967,2025-06-21 10:01:13.763967
208a11ed-254a-4945-8f26-15c4dceaae61,株式会社十八親和銀行,2025-06-21 10:01:13.763967,2025-06-21 10:01:13.763967
16b98e13-4505-488f-8235-dfe6333f4ed4,株式会社肥後銀行,2025-06-21 10:01:13.763967,2025-06-21 10:01:13.763967
655651e7-e7c5-444f-8264-94bc0a7acb9e,株式会社大分銀行,2025-06-21 10:01:13.763967,2025-06-21 10:01:13.763967
83a61845-a402-4344-9d7b-b64fca0b6153,株式会社宮崎銀行,2025-06-21 10:01:13.763967,2025-06-21 10:01:13.763967
c5e42127-8462-4bc5-a44c-e41e02c9a9d1,株式会社鹿児島銀行,2025-06-21 10:01:13.763967,2025-06-21 10:01:13.763967
836911a1-4d7e-4088-9928-4f7241d1edca,株式会社琉球銀行,2025-06-21 10:01:13.763967,2025-06-21 10:01:13.763967
ee87a2cf-dacd-41ec-96c0-faaa8381c5b4,株式会社沖縄銀行,2025-06-21 10:01:13.763967,2025-06-21 10:01:13.763967
f091bcfa-e642-4df0-a613-b49cdeb0353f,株式会社北洋銀行,2025-06-21 10:01:13.763967,2025-06-21 10:01:13.763967
3b3c36b2-1075-4fc6-b4f9-da179bf52654,株式会社北日本銀行,2025-06-21 10:01:13.763967,2025-06-21 10:01:13.763967
6bd099a8-f792-42f7-86d4-5f53c2461cec,株式会社仙台銀行,2025-06-21 10:01:13.763967,2025-06-21 10:01:13.763967
ddfeef36-6f7f-46e4-9626-c8a4c378ab7e,株式会社きらやか銀行,2025-06-21 10:01:13.763967,2025-06-21 10:01:13.763967
6ff79698-8c8d-4350-84c5-cdf448f269bc,株式会社福島銀行,2025-06-21 10:01:13.763967,2025-06-21 10:01:13.763967
afe81ada-8783-4cae-809a-146759abd8b6,株式会社大東銀行,2025-06-21 10:01:13.763967,2025-06-21 10:01:13.763967
2effb323-ba7e-4e22-8ed4-e2c2b3c20b65,株式会社栃木銀行,2025-06-21 10:01:13.763967,2025-06-21 10:01:13.763967
6a53eee4-7c45-42c7-becf-3616d3f46299,株式会社東和銀行,2025-06-21 10:01:13.763967,2025-06-21 10:01:13.763967
27fa86c9-48fa-4132-b3db-1422494ff201,株式会社京葉銀行,2025-06-21 10:01:13.763967,2025-06-21 10:01:13.763967
b0b89878-c5ee-4201-8551-228fc4de92ef,株式会社東日本銀行,2025-06-21 10:01:13.763967,2025-06-21 10:01:13.763967
9d00d4c5-66f9-4dd2-9e71-ea89a5ac2441,株式会社東京スター銀行,2025-06-21 10:01:13.763967,2025-06-21 10:01:13.763967
ddfcf475-40c8-4553-ad4b-2042f9dcb91d,株式会社神奈川銀行,2025-06-21 10:01:13.763967,2025-06-21 10:01:13.763967
a5e19357-c09c-47af-adbf-fb06d00dce7e,株式会社大光銀行,2025-06-21 10:01:13.763967,2025-06-21 10:01:13.763967
e7e30e79-7956-4ede-8805-cb8a9ce4964f,株式会社長野銀行,2025-06-21 10:01:13.763967,2025-06-21 10:01:13.763967
b5be72f9-4aee-47ba-ac26-b20b6d84bb1b,株式会社静岡中央銀行,2025-06-21 10:01:13.763967,2025-06-21 10:01:13.763967
4b2a2fd6-8c74-434f-a30e-d41b67104173,株式会社あいち銀行,2025-06-21 10:01:13.763967,2025-06-21 10:01:13.763967
234dd04c-4145-4007-9584-2f1557134f8a,株式会社名古屋銀行,2025-06-21 10:01:13.763967,2025-06-21 10:01:13.763967
f10c13f2-b61c-4a3c-b758-23c9522e0168,株式会社富山第一銀行,2025-06-21 10:01:13.763967,2025-06-21 10:01:13.763967
b68ed926-af6b-4103-8566-408b5d8b5697,株式会社福邦銀行,2025-06-21 10:01:13.763967,2025-06-21 10:01:13.763967
ec1c7000-c90d-4d14-94b7-5864b6f19a17,株式会社みなと銀行,2025-06-21 10:01:13.763967,2025-06-21 10:01:13.763967
c193860b-fad1-4c0e-8cbf-f3e0f7cd6ab6,株式会社島根銀行,2025-06-21 10:01:13.763967,2025-06-21 10:01:13.763967
0ad43be6-dd24-47f2-9c2c-876957a907b5,株式会社トマト銀行,2025-06-21 10:01:13.763967,2025-06-21 10:01:13.763967
5aa12e70-03f5-48ae-a233-0b288ef2e944,株式会社もみじ銀行,2025-06-21 10:01:13.763967,2025-06-21 10:01:13.763967
c321ee06-3995-40ce-a9b1-133ddd026408,株式会社西京銀行,2025-06-21 10:01:13.763967,2025-06-21 10:01:13.763967
4676a93b-fb9e-48cf-92ae-d25626d97f22,株式会社徳島大正銀行,2025-06-21 10:01:13.763967,2025-06-21 10:01:13.763967
3961601b-d642-45ec-8fd8-0f89952a7e4a,株式会社香川銀行,2025-06-21 10:01:13.763967,2025-06-21 10:01:13.763967
a9c3bee8-8ecb-49d3-a8f3-28860baa8793,株式会社愛媛銀行,2025-06-21 10:01:13.763967,2025-06-21 10:01:13.763967
63acdbec-9abf-49e5-a4fd-186862c47f66,株式会社高知銀行,2025-06-21 10:01:13.763967,2025-06-21 10:01:13.763967
ae00e719-84e3-4c43-aef7-bbdbcf30596a,株式会社福岡中央銀行,2025-06-21 10:01:13.763967,2025-06-21 10:01:13.763967
d43ce03e-bf0f-44e1-817e-0fb6dcc29422,株式会社佐賀共栄銀行,2025-06-21 10:01:13.763967,2025-06-21 10:01:13.763967
cc01397d-11db-4a40-99a4-c80a6a759b62,株式会社長崎銀行,2025-06-21 10:01:13.763967,2025-06-21 10:01:13.763967
4c56abd6-917a-4992-8200-9af5596e7a04,株式会社熊本銀行,2025-06-21 10:01:13.763967,2025-06-21 10:01:13.763967
9203d1a7-2a62-4071-a97c-d58550d7861b,株式会社豊和銀行,2025-06-21 10:01:13.763967,2025-06-21 10:01:13.763967
70810dac-2fe8-436c-ac60-74cede913a25,株式会社宮崎太陽銀行,2025-06-21 10:01:13.763967,2025-06-21 10:01:13.763967
de3f7370-a875-4054-8303-2d1207bf9240,株式会社南日本銀行,2025-06-21 10:01:13.763967,2025-06-21 10:01:13.763967
51a78e0c-188b-44c6-a217-55234fd7c48e,株式会社沖縄海邦銀行,2025-06-21 10:01:13.763967,2025-06-21 10:01:13.763967
f488a5c0-53e0-4d57-9742-e37beb8c4eac,株式会社埼玉りそな銀行,2025-06-21 10:01:13.763967,2025-06-21 10:01:13.763967
bedf8985-99b3-4cb9-94f0-92865ca54447,農林中央金庫,2025-06-21 10:01:13.763967,2025-06-21 10:01:13.763967
1a3b972c-e5a6-4155-a1c8-72d7c357e79f,北海道信用農業協同組合連合会,2025-06-21 10:01:13.763967,2025-06-21 10:01:13.763967
3e78603a-e801-4a2a-8d77-d6fab50229eb,岩手県信用農業協同組合連合会,2025-06-21 10:01:13.763967,2025-06-21 10:01:13.763967
dac39b9c-e14a-4b9d-81cc-5ba84bdc3bbe,茨城県信用農業協同組合連合会,2025-06-21 10:01:13.763967,2025-06-21 10:01:13.763967
8d4d8082-44ed-4680-b932-2f902d84c9e6,埼玉県信用農業協同組合連合会,2025-06-21 10:01:13.763967,2025-06-21 10:01:13.763967
3e26a225-bcca-4081-9d7a-e543515b1938,東京都信用農業協同組合連合会,2025-06-21 10:01:13.763967,2025-06-21 10:01:13.763967
4f62b6a1-a7b0-40f3-b369-210b56db44d3,神奈川県信用農業協同組合連合会,2025-06-21 10:01:13.763967,2025-06-21 10:01:13.763967
1f5e2bc2-a84e-4edc-92ae-1de7219ecb52,新潟県信用農業協同組合連合会,2025-06-21 10:01:13.763967,2025-06-21 10:01:13.763967
3081fcd7-8e0d-429d-a865-4b61ca7cb10a,山梨県信用農業協同組合連合会,2025-06-21 10:01:13.763967,2025-06-21 10:01:13.763967
0aacbead-7303-4d85-9350-1e91b58fafb1,長野県信用農業協同組合連合会,2025-06-21 10:01:13.763967,2025-06-21 10:01:13.763967
b0635df6-03eb-40c4-b676-25b0fa6def94,岐阜県信用農業協同組合連合会,2025-06-21 10:01:13.763967,2025-06-21 10:01:13.763967
74ab7aa2-6e82-4e5a-ac52-2c7aec593c67,静岡県信用農業協同組合連合会,2025-06-21 10:01:13.763967,2025-06-21 10:01:13.763967
91fe3a8a-3b4f-439e-9a35-b5ed0cf39aa8,愛知県信用農業協同組合連合会,2025-06-21 10:02:38.542537,2025-06-21 10:02:38.542537
e554819a-bf23-4b04-a996-562fe6c72508,三重県信用農業協同組合連合会,2025-06-21 10:02:38.542537,2025-06-21 10:02:38.542537
63c53d2b-388e-443b-aad5-03f5dfdce591,石川県信用農業協同組合連合会,2025-06-21 10:02:38.542537,2025-06-21 10:02:38.542537
8511e399-8f3b-4e95-8d35-37e1c1bbde17,福井県信用農業協同組合連合会,2025-06-21 10:02:38.542537,2025-06-21 10:02:38.542537
409aedbd-6d71-4014-b53a-3ae16bda940e,滋賀県信用農業協同組合連合会,2025-06-21 10:02:38.542537,2025-06-21 10:02:38.542537
ecaf67cc-9b37-44e6-affb-8afd46d68b90,京都府信用農業協同組合連合会,2025-06-21 10:02:38.542537,2025-06-21 10:02:38.542537
4894edc7-1656-41ef-b4e7-9fbd60ae1d4b,大阪府信用農業協同組合連合会,2025-06-21 10:02:38.542537,2025-06-21 10:02:38.542537
002724d7-ef74-45c6-93f7-23fd1043a487,兵庫県信用農業協同組合連合会,2025-06-21 10:02:38.542537,2025-06-21 10:02:38.542537
28b5e95c-cebf-4f27-93a5-b324e71d4f10,和歌山県信用農業協同組合連合会,2025-06-21 10:02:38.542537,2025-06-21 10:02:38.542537
9f66ad61-19dc-4523-859a-b8a87f6106a6,鳥取県信用農業協同組合連合会,2025-06-21 10:02:38.542537,2025-06-21 10:02:38.542537
d98e3ad8-86cc-4e00-998e-b9dac93f244b,広島県信用農業協同組合連合会,2025-06-21 10:02:38.542537,2025-06-21 10:02:38.542537
bbe57c50-eb82-442e-8e3b-3f26f3228245,山口県信用農業協同組合連合会,2025-06-21 10:02:38.542537,2025-06-21 10:02:38.542537
1b47e338-2449-478a-bee9-00e250a70bd2,徳島県信用農業協同組合連合会,2025-06-21 10:02:38.542537,2025-06-21 10:02:38.542537
1cf43413-88c2-45f2-9b01-c38e91dddd8e,香川県信用農業協同組合連合会,2025-06-21 10:02:38.542537,2025-06-21 10:02:38.542537
32b280b9-9043-42c3-99ba-996adfd20e0a,愛媛県信用農業協同組合連合会,2025-06-21 10:02:38.542537,2025-06-21 10:02:38.542537
f40aec11-13e2-48ce-aa82-dfb91dda8b4c,高知県信用農業協同組合連合会,2025-06-21 10:02:38.542537,2025-06-21 10:02:38.542537
0631d998-706c-4668-a396-f57e9786847e,福岡県信用農業協同組合連合会,2025-06-21 10:02:38.542537,2025-06-21 10:02:38.542537
fc40c9bf-7fcb-4d44-a7cc-a15f6774a660,佐賀県信用農業協同組合連合会,2025-06-21 10:02:38.542537,2025-06-21 10:02:38.542537
42a04cca-d475-4b3f-a342-80755330da94,大分県信用農業協同組合連合会,2025-06-21 10:02:38.542537,2025-06-21 10:02:38.542537
0ddb0fef-5909-400b-81c3-592903422ced,鹿児島県信用農業協同組合連合会,2025-06-21 10:02:38.542537,2025-06-21 10:02:38.542537
28c81a10-8af4-4d69-941b-71402fb998b7,北海道信用漁業協同組合連合会,2025-06-21 10:02:38.542537,2025-06-21 10:02:38.542537
45abc63b-eb2a-4f26-906f-f0eb829eddf7,福島県信用漁業協同組合連合会,2025-06-21 10:02:38.542537,2025-06-21 10:02:38.542537
a2d3acbb-2224-4704-9526-5427088e487b,東日本信用漁業協同組合連合会,2025-06-21 10:02:38.542537,2025-06-21 10:02:38.542537
a92a19cf-cd4d-4e2e-85d3-8dde48a40131,なぎさ信用漁業協同組合連合会,2025-06-21 10:02:38.542537,2025-06-21 10:02:38.542537
6df3912e-3c57-4311-9753-31f023801d80,広島県信用漁業協同組合連合会,2025-06-21 10:02:38.542537,2025-06-21 10:02:38.542537
166dbff4-6ec4-419a-8164-0a36ef748fc9,徳島県信用漁業協同組合連合会,2025-06-21 10:02:38.542537,2025-06-21 10:02:38.542537
f0ab8c91-0790-4583-8575-b76c54e457cb,西日本信用漁業協同組合連合会,2025-06-21 10:02:38.542537,2025-06-21 10:02:38.542537
59144612-e817-4367-945b-a30e1102671c,愛媛県信用漁業協同組合連合会,2025-06-21 10:02:38.542537,2025-06-21 10:02:38.542537
19254ed6-55b9-4155-88af-a925fecc2456,九州信用漁業協同組合連合会,2025-06-21 10:02:38.542537,2025-06-21 10:02:38.542537
46871bb6-b22b-48fa-a3e4-38257b42bab0,労働金庫連合会,2025-06-21 10:02:38.542537,2025-06-21 10:02:38.542537
d60cab3b-1e50-48a0-b085-1cb5326efc50,北海道労働金庫,2025-06-21 10:02:38.542537,2025-06-21 10:02:38.542537
0d932cf3-955a-4e5f-b817-1add877d074f,東北労働金庫,2025-06-21 10:02:38.542537,2025-06-21 10:02:38.542537
d7cc5d71-2ece-441e-857c-886dd375bcc5,中央労働金庫,2025-06-21 10:02:38.542537,2025-06-21 10:02:38.542537
5bf95520-f630-4629-97d8-ca21e68e81ec,新潟県労働金庫,2025-06-21 10:02:38.542537,2025-06-21 10:02:38.542537
734824b2-ce43-468e-9fbf-244b61adba1f,長野県労働金庫,2025-06-21 10:02:38.542537,2025-06-21 10:02:38.542537
d4942de4-e9fd-4552-baec-7f73809901ce,静岡県労働金庫,2025-06-21 10:02:38.542537,2025-06-21 10:02:38.542537
91dbb059-eb83-4973-ac3d-cdbe8ed54780,東海労働金庫,2025-06-21 10:02:38.542537,2025-06-21 10:02:38.542537
13eedbc5-3425-4bfa-a5b4-a9d8ec832cb3,北陸労働金庫,2025-06-21 10:02:38.542537,2025-06-21 10:02:38.542537
f154ff3d-0563-487e-a9cb-05041dce5484,近畿労働金庫,2025-06-21 10:02:38.542537,2025-06-21 10:02:38.542537
a79a08df-c342-4929-84b8-a6fca350cb40,中国労働金庫,2025-06-21 10:02:38.542537,2025-06-21 10:02:38.542537
16d5779c-a365-498c-952a-5e394c586b08,四国労働金庫,2025-06-21 10:02:38.542537,2025-06-21 10:02:38.542537
7a6811a4-cf40-4cb3-856b-f570e66b3d93,九州労働金庫,2025-06-21 10:02:38.542537,2025-06-21 10:02:38.542537
27571dd5-ab20-4e13-830f-1685e252e9e5,沖縄県労働金庫,2025-06-21 10:02:38.542537,2025-06-21 10:02:38.542537
f95629f8-0e7e-4b5f-acda-a1aac5fc14e2,信金中央金庫,2025-06-21 10:02:38.542537,2025-06-21 10:02:38.542537
28eaf4b4-d2ac-4695-9c5b-0896ed29e69f,旭川信用金庫,2025-06-21 10:02:38.542537,2025-06-21 10:02:38.542537
07f09cd1-8b4e-4c42-8dd5-c1cdf7191b23,網走信用金庫,2025-06-21 10:02:38.542537,2025-06-21 10:02:38.542537
3a9f84d9-0c05-49e2-89a3-eceb919f8470,遠軽信用金庫,2025-06-21 10:02:38.542537,2025-06-21 10:02:38.542537
e851a4ba-f399-4751-b36e-89979365eca4,渡島信用金庫,2025-06-21 10:02:38.542537,2025-06-21 10:02:38.542537
62423310-eb55-4ccd-a404-adfa5dda8025,帯広信用金庫,2025-06-21 10:02:38.542537,2025-06-21 10:02:38.542537
f3a303e9-a787-455e-8055-2e383864741c,北空知信用金庫,2025-06-21 10:02:38.542537,2025-06-21 10:02:38.542537
6790315b-60f8-4b35-985f-7df6edeac64c,北見信用金庫,2025-06-21 10:02:38.542537,2025-06-21 10:02:38.542537
58aa6a6b-6d01-4de6-90a1-f47ae842b476,釧路信用金庫,2025-06-21 10:02:38.542537,2025-06-21 10:02:38.542537
7b551895-2d01-4255-8ecc-2f18aa9f4dc6,空知信用金庫,2025-06-21 10:02:38.542537,2025-06-21 10:02:38.542537
9d8f6a1b-5c46-40e7-80f8-23e9d6981050,大地みらい信用金庫,2025-06-21 10:02:38.542537,2025-06-21 10:02:38.542537
6c2a63de-477e-4515-ac16-93e4d1e13bdf,伊達信用金庫,2025-06-21 10:02:38.542537,2025-06-21 10:02:38.542537
64ed5a15-408a-4898-86a8-581cbad3c628,苫小牧信用金庫,2025-06-21 10:02:38.542537,2025-06-21 10:02:38.542537
848c3760-9b58-4a5c-a928-37e78f3175e9,道南うみ街信用金庫,2025-06-21 10:02:38.542537,2025-06-21 10:02:38.542537
bccf7407-4ee8-4512-88a2-fafff33f8d61,日高信用金庫,2025-06-21 10:02:38.542537,2025-06-21 10:02:38.542537
dceb0ff9-ce02-4647-b513-36c5d0d86182,北星信用金庫,2025-06-21 10:02:38.542537,2025-06-21 10:02:38.542537
3b9a43c6-aad7-4768-a277-fa94ddfb5662,北門信用金庫,2025-06-21 10:02:38.542537,2025-06-21 10:02:38.542537
57bea7ec-0124-4cdb-b299-f606681c1bd3,北海道信用金庫,2025-06-21 10:02:38.542537,2025-06-21 10:02:38.542537
df3f0fed-8036-41a6-b73b-80680f3bf6a9,室蘭信用金庫,2025-06-21 10:02:38.542537,2025-06-21 10:02:38.542537
e7034daf-8b5c-4470-9123-dc4018037d42,留萌信用金庫,2025-06-21 10:02:38.542537,2025-06-21 10:02:38.542537
9fb264c0-cef9-49a6-86dc-6c61156f53e6,稚内信用金庫,2025-06-21 10:02:38.542537,2025-06-21 10:02:38.542537
e77ed4da-fc12-4758-96d5-89ddce5450ab,青い森信用金庫,2025-06-21 10:02:38.542537,2025-06-21 10:02:38.542537
c1d6cfcf-ca9d-472e-b5a7-09ddeae24583,東奥信用金庫,2025-06-21 10:02:38.542537,2025-06-21 10:02:38.542537
3ec7afb7-6b4d-434d-9965-201c64f66201,一関信用金庫,2025-06-21 10:02:38.542537,2025-06-21 10:02:38.542537
577fab0d-6670-4006-8ff6-dc6c13e8e7fd,北上信用金庫,2025-06-21 10:02:38.542537,2025-06-21 10:02:38.542537
49511f5a-7caf-4686-bd30-bdcbd4b84656,花巻信用金庫,2025-06-21 10:02:38.542537,2025-06-21 10:02:38.542537
898a0a81-319c-47af-b32a-3c56c73ddea5,水沢信用金庫,2025-06-21 10:02:38.542537,2025-06-21 10:02:38.542537
b03bf6c4-1170-42ec-b249-f361d164e374,宮古信用金庫,2025-06-21 10:02:38.542537,2025-06-21 10:02:38.542537
2251eb05-ae96-4c14-895e-2cb57d9f7cfb,盛岡信用金庫,2025-06-21 10:02:38.542537,2025-06-21 10:02:38.542537
04078f17-8551-4918-be8f-acf388cb9abf,石巻信用金庫,2025-06-21 10:02:38.542537,2025-06-21 10:02:38.542537
4e2348af-06bb-441b-b26b-b5ac5f4c5114,気仙沼信用金庫,2025-06-21 10:02:38.542537,2025-06-21 10:02:38.542537
c9ab19cd-946a-497e-b966-3a12959c1abf,仙南信用金庫,2025-06-21 10:02:38.542537,2025-06-21 10:02:38.542537
3c30d0bc-4f66-4466-9c7d-cb3cd6ea709b,宮城第一信用金庫,2025-06-21 10:02:38.542537,2025-06-21 10:02:38.542537
3b5784f5-ac2f-4060-be43-d200ca5d78cd,杜の都信用金庫,2025-06-21 10:02:38.542537,2025-06-21 10:02:38.542537
40ff1aa3-4288-43d0-9e06-fe066bdd5d3e,秋田信用金庫,2025-06-21 10:02:38.542537,2025-06-21 10:02:38.542537
15adf41c-e2c8-499d-a3da-a55ce989cf28,羽後信用金庫,2025-06-21 10:02:38.542537,2025-06-21 10:02:38.542537
3ce4443b-5610-4231-aeed-b6c568ffc615,新庄信用金庫,2025-06-21 10:02:38.542537,2025-06-21 10:02:38.542537
5e2c7584-a8cc-491b-b37b-30f617b8e31e,鶴岡信用金庫,2025-06-21 10:02:38.542537,2025-06-21 10:02:38.542537
9ff0946f-3686-4acf-b344-9639c41ea1bb,山形信用金庫,2025-06-21 10:02:38.542537,2025-06-21 10:02:38.542537
aef74b4b-6c3e-4c40-8418-f6c37d62bef1,米沢信用金庫,2025-06-21 10:02:38.542537,2025-06-21 10:02:38.542537
f97b35f6-b1ba-4e44-b00f-a9b134ddc4dd,会津信用金庫,2025-06-21 10:02:38.542537,2025-06-21 10:02:38.542537
1ea0977e-3d05-4c3b-9ae0-ea39dadea74d,あぶくま信用金庫,2025-06-21 10:02:38.542537,2025-06-21 10:02:38.542537
7849f428-9ec4-4795-b0be-21e050a58f14,郡山信用金庫,2025-06-21 10:02:38.542537,2025-06-21 10:02:38.542537
d7b24b97-ac8d-408c-976e-ef3b847be42c,白河信用金庫,2025-06-21 10:02:38.542537,2025-06-21 10:02:38.542537
7dbce497-9309-4533-8317-5d3c8a66cb4d,須賀川信用金庫,2025-06-21 10:02:38.542537,2025-06-21 10:02:38.542537
e1d1c35f-e056-4b2a-8f88-8631a9894f5c,二本松信用金庫,2025-06-21 10:02:38.542537,2025-06-21 10:02:38.542537
38b7bd9c-fd67-4ca1-a57c-7ba39e0e422b,ひまわり信用金庫,2025-06-21 10:02:38.542537,2025-06-21 10:02:38.542537
14245c1d-0c23-457d-9959-7b77bf39fd90,福島信用金庫,2025-06-21 10:02:38.542537,2025-06-21 10:02:38.542537
88c800d5-6b40-4452-abe7-4040610b2dda,水戸信用金庫,2025-06-21 10:02:38.542537,2025-06-21 10:02:38.542537
ba7017bc-b062-431e-9e09-efe88752f1b6,結城信用金庫,2025-06-21 10:02:38.542537,2025-06-21 10:02:38.542537
12b19056-57d1-4339-b59c-7aae452afc7d,足利小山信用金庫,2025-06-21 10:02:38.542537,2025-06-21 10:02:38.542537
82888d7a-b7ab-4108-8213-22fd39a36741,大田原信用金庫,2025-06-21 10:02:38.542537,2025-06-21 10:02:38.542537
fffa341d-7837-44f0-9f9e-18e47fe6b161,鹿沼相互信用金庫,2025-06-21 10:02:38.542537,2025-06-21 10:02:38.542537
7bc2be83-405f-4630-8a8c-7cc06fed1b91,烏山信用金庫,2025-06-21 10:02:38.542537,2025-06-21 10:02:38.542537
38b4c622-ed99-4cf2-af12-54f6ef81d48a,佐野信用金庫,2025-06-21 10:02:38.542537,2025-06-21 10:02:38.542537
cfba800e-ec93-43a7-8ee3-bf538d6ba262,栃木信用金庫,2025-06-21 10:02:38.542537,2025-06-21 10:02:38.542537
3ff67eea-6d99-4980-9813-881c5a0a4983,アイオー信用金庫,2025-06-21 10:02:38.542537,2025-06-21 10:02:38.542537
3796c0de-5313-40f8-a355-a59c287a57fb,北群馬信用金庫,2025-06-21 10:03:28.336645,2025-06-21 10:03:28.336645
8c3979b7-d480-4b1a-bd43-2436c0d1f611,桐生信用金庫,2025-06-21 10:03:28.336645,2025-06-21 10:03:28.336645
35b81fae-b150-455c-a6ac-4cb5f3f2298b,しののめ信用金庫,2025-06-21 10:03:28.336645,2025-06-21 10:03:28.336645
6a0e9a37-0ba3-4bab-8e02-07eaa6d26a0a,高崎信用金庫,2025-06-21 10:03:28.336645,2025-06-21 10:03:28.336645
0c492226-1c45-4bac-a9b4-d40ef14c0521,館林信用金庫,2025-06-21 10:03:28.336645,2025-06-21 10:03:28.336645
e6d88189-2423-441b-b755-a18cfcf56366,利根郡信用金庫,2025-06-21 10:03:28.336645,2025-06-21 10:03:28.336645
64e8801d-2376-48ae-8aac-c58c1e5db282,青木信用金庫,2025-06-21 10:03:28.336645,2025-06-21 10:03:28.336645
7af88738-f221-4d30-a6e3-c5f65e46343d,川口信用金庫,2025-06-21 10:03:28.336645,2025-06-21 10:03:28.336645
4286328e-3f7f-49e4-bdae-8fa54593af19,埼玉縣信用金庫,2025-06-21 10:03:28.336645,2025-06-21 10:03:28.336645
7f393a93-4e92-4d0d-9d59-ce47de005d68,飯能信用金庫,2025-06-21 10:03:28.336645,2025-06-21 10:03:28.336645
c5dafdbb-49fe-4578-b8f5-7a7cbd2e7d6d,佐原信用金庫,2025-06-21 10:03:28.336645,2025-06-21 10:03:28.336645
b9a2042e-c34f-409e-97c2-e51d23e58d21,館山信用金庫,2025-06-21 10:03:28.336645,2025-06-21 10:03:28.336645
1e63996b-4fc9-4c7a-baaf-67b16bbbdb23,千葉信用金庫,2025-06-21 10:03:28.336645,2025-06-21 10:03:28.336645
04e824f7-d32f-4345-a3a3-346982f487f5,銚子信用金庫,2025-06-21 10:03:28.336645,2025-06-21 10:03:28.336645
fb26b866-b6f6-4bab-aab5-b7f021ea9701,東京ベイ信用金庫,2025-06-21 10:03:28.336645,2025-06-21 10:03:28.336645
7ce33ee8-8ea4-4d30-b00f-c5c3710c0600,朝日信用金庫,2025-06-21 10:03:28.336645,2025-06-21 10:03:28.336645
b444043e-f39c-4b9f-8acf-cbd1e71067d7,足立成和信用金庫,2025-06-21 10:03:28.336645,2025-06-21 10:03:28.336645
2876aa15-4853-4816-a1ef-5d5bfaf89376,青梅信用金庫,2025-06-21 10:03:28.336645,2025-06-21 10:03:28.336645
34a37ab7-e142-41f1-98c4-24183f2779a7,亀有信用金庫,2025-06-21 10:03:28.336645,2025-06-21 10:03:28.336645
da753f72-59d3-4e11-bc2e-b69053747cc1,興産信用金庫,2025-06-21 10:03:28.336645,2025-06-21 10:03:28.336645
5b2bb92a-376f-457f-91fa-6b0fa532d703,小松川信用金庫,2025-06-21 10:03:28.336645,2025-06-21 10:03:28.336645
c10d689f-c91c-48c6-acac-7925cd4f2e41,西京信用金庫,2025-06-21 10:03:28.336645,2025-06-21 10:03:28.336645
288b7a99-9502-4572-af12-430cc3cab440,さわやか信用金庫,2025-06-21 10:03:28.336645,2025-06-21 10:03:28.336645
ec4847c4-a57a-4f9d-b076-4630eb09990e,芝信用金庫,2025-06-21 10:03:28.336645,2025-06-21 10:03:28.336645
84716382-7e9c-47d1-a160-0422778cba67,城南信用金庫,2025-06-21 10:03:28.336645,2025-06-21 10:03:28.336645
8e69a9c0-1a38-466d-8616-a72f40d8ccdd,城北信用金庫,2025-06-21 10:03:28.336645,2025-06-21 10:03:28.336645
3499c353-a5a3-4153-a6f3-29b8c5011b4c,昭和信用金庫,2025-06-21 10:03:28.336645,2025-06-21 10:03:28.336645
e68f88f7-a248-4419-a0c8-c069a6ca4fa7,巣鴨信用金庫,2025-06-21 10:03:28.336645,2025-06-21 10:03:28.336645
8337b75c-7b28-400c-a046-cb6f760b66e2,西武信用金庫,2025-06-21 10:03:28.336645,2025-06-21 10:03:28.336645
86754672-ce30-46cb-83d7-53a97e4f89a9,世田谷信用金庫,2025-06-21 10:03:28.336645,2025-06-21 10:03:28.336645
8df58915-2d45-44a5-b180-ad51fd54ab9f,瀧野川信用金庫,2025-06-21 10:03:28.336645,2025-06-21 10:03:28.336645
61371542-3e41-418d-87c1-16d718d68dc9,多摩信用金庫,2025-06-21 10:03:28.336645,2025-06-21 10:03:28.336645
3e8490c6-96ab-4f48-948a-c03b8983aef1,東榮信用金庫,2025-06-21 10:03:28.336645,2025-06-21 10:03:28.336645
aeaf51be-9df3-49b1-8a5d-7871084ceedc,東京信用金庫,2025-06-21 10:03:28.336645,2025-06-21 10:03:28.336645
87f4b949-1259-4462-8cd6-c691ae4e98f4,東京三協信用金庫,2025-06-21 10:03:28.336645,2025-06-21 10:03:28.336645
2a4e3129-81b0-4b1d-a2f4-369a58cf62ef,東京シティ信用金庫,2025-06-21 10:03:28.336645,2025-06-21 10:03:28.336645
6f73f0f9-2637-4852-b204-9c23f3fca15f,東京東信用金庫,2025-06-21 10:03:28.336645,2025-06-21 10:03:28.336645
612edd08-8689-42cb-b5b4-ae046601e58d,目黒信用金庫,2025-06-21 10:03:28.336645,2025-06-21 10:03:28.336645
4aa7dee5-6960-4492-89ae-e162a5bf5a9b,かながわ信用金庫,2025-06-21 10:03:28.336645,2025-06-21 10:03:28.336645
1f91bc51-05cc-4607-a02c-e4a7fcaed4bc,川崎信用金庫,2025-06-21 10:03:28.336645,2025-06-21 10:03:28.336645
aa26b55e-0696-4b07-bb19-888dd18453a2,さがみ信用金庫,2025-06-21 10:03:28.336645,2025-06-21 10:03:28.336645
bed562ca-225b-4df8-8973-a415b808108b,湘南信用金庫,2025-06-21 10:03:28.336645,2025-06-21 10:03:28.336645
fb37749c-0095-45f0-a4eb-bfabb3d90a00,中栄信用金庫,2025-06-21 10:03:28.336645,2025-06-21 10:03:28.336645
217b33cf-9f7a-4a34-917e-dbf34c34791c,中南信用金庫,2025-06-21 10:03:28.336645,2025-06-21 10:03:28.336645
be88b59e-57ae-4d09-9392-086606f92a62,平塚信用金庫,2025-06-21 10:03:28.336645,2025-06-21 10:03:28.336645
d4c7db4a-ad9a-4f2d-8834-0b39b00e654f,横浜信用金庫,2025-06-21 10:03:28.336645,2025-06-21 10:03:28.336645
ac83baeb-1366-44ee-a14c-0bd22a33939e,新井信用金庫,2025-06-21 10:03:28.336645,2025-06-21 10:03:28.336645
c140f193-1f93-4029-b435-a07dc59b4e0c,柏崎信用金庫,2025-06-21 10:03:28.336645,2025-06-21 10:03:28.336645
beb2a034-088c-4c53-bef6-8f06d42ee9eb,加茂信用金庫,2025-06-21 10:04:54.280839,2025-06-21 10:04:54.280839
25cb1823-ec8a-413c-98e9-59eea48876b3,三条信用金庫,2025-06-21 10:04:54.280839,2025-06-21 10:04:54.280839
a41422ee-31b2-4dfd-81a4-955fc9482551,新発田信用金庫,2025-06-21 10:04:54.280839,2025-06-21 10:04:54.280839
1a987826-cfe2-4e65-b2bc-3eeca78b561b,上越信用金庫,2025-06-21 10:04:54.280839,2025-06-21 10:04:54.280839
2f5dbab6-b555-4803-8d03-e07aa605e6ea,長岡信用金庫,2025-06-21 10:04:54.280839,2025-06-21 10:04:54.280839
caa05f39-4263-4672-8c10-a0ef07e37690,新潟信用金庫,2025-06-21 10:04:54.280839,2025-06-21 10:04:54.280839
6686d047-5e6a-4588-97cc-376c2ac20100,村上信用金庫,2025-06-21 10:04:54.280839,2025-06-21 10:04:54.280839
e94d9e25-4322-4e40-8fac-ac853de1e206,甲府信用金庫,2025-06-21 10:04:54.280839,2025-06-21 10:04:54.280839
29fc232f-608b-4f1f-b2ec-ce424dc335cf,山梨信用金庫,2025-06-21 10:04:54.280839,2025-06-21 10:04:54.280839
db7764ce-7697-48d4-ad5f-b3653a10fd32,アルプス中央信用金庫,2025-06-21 10:04:54.280839,2025-06-21 10:04:54.280839
a37e9515-cc89-44c7-900c-3777342555cc,飯田信用金庫,2025-06-21 10:04:54.280839,2025-06-21 10:04:54.280839
a16aead3-bfa0-4435-b438-f1b2733d670c,上田信用金庫,2025-06-21 10:04:54.280839,2025-06-21 10:04:54.280839
fac75d6c-2d58-45b2-b0ca-76004aa9be0c,諏訪信用金庫,2025-06-21 10:04:54.280839,2025-06-21 10:04:54.280839
01df8dab-e1a9-4608-afe4-ad3a36900cc5,長野信用金庫,2025-06-21 10:04:54.280839,2025-06-21 10:04:54.280839
b3de0710-7ea7-4d4b-a921-a21bad8a35d9,松本信用金庫,2025-06-21 10:04:54.280839,2025-06-21 10:04:54.280839
9751bbf4-9ed5-4bf7-8084-95a3b7a960f2,大垣西濃信用金庫,2025-06-21 10:04:54.280839,2025-06-21 10:04:54.280839
1d779699-83cb-429d-a2b8-f2d48a16270c,岐阜信用金庫,2025-06-21 10:04:54.280839,2025-06-21 10:04:54.280839
636728d2-6dea-417c-9cde-0269c2597bc6,関信用金庫,2025-06-21 10:04:54.280839,2025-06-21 10:04:54.280839
250ded54-e895-470f-9776-01b56240fa5a,高山信用金庫,2025-06-21 10:04:54.280839,2025-06-21 10:04:54.280839
7f950fc0-df49-4dd8-9a92-742127d12e50,東濃信用金庫,2025-06-21 10:04:54.280839,2025-06-21 10:04:54.280839
598dbba2-ef29-481e-88e6-7087a06a1729,八幡信用金庫,2025-06-21 10:04:54.280839,2025-06-21 10:04:54.280839
8d9f0a44-7a42-461e-9601-52e1e52c81d8,遠州信用金庫,2025-06-21 10:04:54.280839,2025-06-21 10:04:54.280839
8074a7fa-6980-4803-b14e-9173998eb410,しずおか焼津信用金庫,2025-06-21 10:04:54.280839,2025-06-21 10:04:54.280839
a18ced55-0e70-4a16-821b-a6b73a4e9075,島田掛川信用金庫,2025-06-21 10:04:54.280839,2025-06-21 10:04:54.280839
d7d2192e-deaa-4b75-85ff-f653aa5e936b,静清信用金庫,2025-06-21 10:04:54.280839,2025-06-21 10:04:54.280839
85db5bd2-d52e-402c-88ee-24fd099ad64c,沼津信用金庫,2025-06-21 10:04:54.280839,2025-06-21 10:04:54.280839
00728e03-89f8-40c5-9317-5bb4c803643e,浜松磐田信用金庫,2025-06-21 10:04:54.280839,2025-06-21 10:04:54.280839
bafd32ee-e85e-4172-9ad0-1aceca4fd71d,富士信用金庫,2025-06-21 10:04:54.280839,2025-06-21 10:04:54.280839
350b1195-bc97-4ef7-baad-ba35f3045078,富士宮信用金庫,2025-06-21 10:04:54.280839,2025-06-21 10:04:54.280839
b45e7782-d8bd-40b4-98c0-63109d3c07b5,三島信用金庫,2025-06-21 10:04:54.280839,2025-06-21 10:04:54.280839
375c9153-219d-4711-b7f3-2234cab147ae,愛知信用金庫,2025-06-21 10:04:54.280839,2025-06-21 10:04:54.280839
2009c469-61b5-4edb-a1b4-e3274e035ca9,いちい信用金庫,2025-06-21 10:04:54.280839,2025-06-21 10:04:54.280839
c0a6d3fd-6248-4330-a8cd-32307245b926,岡崎信用金庫,2025-06-21 10:04:54.280839,2025-06-21 10:04:54.280839
ef1d33f8-f03f-4347-92c6-32f1726b6b46,蒲郡信用金庫,2025-06-21 10:04:54.280839,2025-06-21 10:04:54.280839
2e86977e-a033-46cd-895c-5d95a35355dd,瀬戸信用金庫,2025-06-21 10:04:54.280839,2025-06-21 10:04:54.280839
cb18d6bc-596d-48a2-8ae8-20866f83fb53,知多信用金庫,2025-06-21 10:04:54.280839,2025-06-21 10:04:54.280839
049b433d-4754-4014-8331-4ecc2d9bcb6d,中日信用金庫,2025-06-21 10:04:54.280839,2025-06-21 10:04:54.280839
392d435e-1130-470e-b0b1-509ea0136da6,東春信用金庫,2025-06-21 10:04:54.280839,2025-06-21 10:04:54.280839
d2943315-c79b-41b3-8523-6494e65a1181,豊川信用金庫,2025-06-21 10:04:54.280839,2025-06-21 10:04:54.280839
61709851-acff-4ee7-b4d8-860b1e4f4f9a,豊田信用金庫,2025-06-21 10:04:54.280839,2025-06-21 10:04:54.280839
e52445ad-0c2d-4254-9e1f-20153467d9b1,豊橋信用金庫,2025-06-21 10:04:54.280839,2025-06-21 10:04:54.280839
ced826a9-e56f-4bf4-a4bd-474e5a337c50,西尾信用金庫,2025-06-21 10:04:54.280839,2025-06-21 10:04:54.280839
b013800e-440b-462e-af7f-04c095664f42,半田信用金庫,2025-06-21 10:04:54.280839,2025-06-21 10:04:54.280839
79ceb75d-1abb-4ab3-b85c-b4d7a6e7d1d9,尾西信用金庫,2025-06-21 10:04:54.280839,2025-06-21 10:04:54.280839
a0991a7e-34cb-45fc-8527-45bc0e2c3f42,碧海信用金庫,2025-06-21 10:04:54.280839,2025-06-21 10:04:54.280839
cdfced7a-5575-4418-be3e-a65446b1d240,北伊勢上野信用金庫,2025-06-21 10:04:54.280839,2025-06-21 10:04:54.280839
100ae715-f852-42a6-a939-729d9f9318dd,紀北信用金庫,2025-06-21 10:04:54.280839,2025-06-21 10:04:54.280839
1c68f758-a7c5-4d24-95f6-5fc9a211ed4d,桑名三重信用金庫,2025-06-21 10:04:54.280839,2025-06-21 10:04:54.280839
f47675fa-14b6-4cb5-8f49-1e2d4a1eed1e,津信用金庫,2025-06-21 10:04:54.280839,2025-06-21 10:04:54.280839
f1dca051-fd85-4ef2-9467-db430c499ecb,石動信用金庫,2025-06-21 10:04:54.280839,2025-06-21 10:04:54.280839
14f8c24f-02f5-4a49-b2ce-bb43d4b5269f,新湊信用金庫,2025-06-21 10:04:54.280839,2025-06-21 10:04:54.280839
1f6a77f4-7fdf-4ff7-a898-0624acb471f0,高岡信用金庫,2025-06-21 10:04:54.280839,2025-06-21 10:04:54.280839
5b5a9b9d-267a-469f-97d5-e4abb2ca17de,砺波信用金庫,2025-06-21 10:05:21.443365,2025-06-21 10:05:21.443365
f3582d50-e981-4a4f-992a-986fd57694a7,富山信用金庫,2025-06-21 10:05:21.443365,2025-06-21 10:05:21.443365
47bd00f6-6eef-4469-bc5f-033cbcb5d867,にいかわ信用金庫,2025-06-21 10:05:21.443365,2025-06-21 10:05:21.443365
2c62e679-0dd3-4a2d-ba1f-68f986530746,氷見伏木信用金庫,2025-06-21 10:05:21.443365,2025-06-21 10:05:21.443365
27f8cd7b-4008-48bc-906d-9653a9b4cfd6,金沢信用金庫,2025-06-21 10:05:21.443365,2025-06-21 10:05:21.443365
bc91590a-6cc6-4a83-b22e-6d450ff11c3c,興能信用金庫,2025-06-21 10:05:21.443365,2025-06-21 10:05:21.443365
d35ff4ec-d959-4d5c-98bf-45f562ebf5a5,のと共栄信用金庫,2025-06-21 10:05:21.443365,2025-06-21 10:05:21.443365
75f37c32-e5c7-44e6-b78b-c347da087eac,はくさん信用金庫,2025-06-21 10:05:21.443365,2025-06-21 10:05:21.443365
f1b1ba8e-e433-4eb1-a804-45d098c62e7b,越前信用金庫,2025-06-21 10:05:21.443365,2025-06-21 10:05:21.443365
032817e5-4986-4420-833e-0a99b2e8157a,小浜信用金庫,2025-06-21 10:05:21.443365,2025-06-21 10:05:21.443365
a0133bb2-dbb2-4819-a48c-134ad2eac699,敦賀信用金庫,2025-06-21 10:05:21.443365,2025-06-21 10:05:21.443365
a8c4baf7-7b4a-4369-969d-ffded0534c3f,福井信用金庫,2025-06-21 10:05:21.443365,2025-06-21 10:05:21.443365
0554c41b-6a48-4f55-97f6-188eb5ccac12,湖東信用金庫,2025-06-21 10:05:21.443365,2025-06-21 10:05:21.443365
ffa3580f-3392-4385-8ec3-92c949f8e829,滋賀中央信用金庫,2025-06-21 10:05:21.443365,2025-06-21 10:05:21.443365
57ac4943-17c6-44fe-9027-0d58d29390d6,長浜信用金庫,2025-06-21 10:05:21.443365,2025-06-21 10:05:21.443365
435ed63f-d1fd-4dd1-b56c-289911ad42d6,京都信用金庫,2025-06-21 10:05:21.443365,2025-06-21 10:05:21.443365
6dd2dfdc-c665-4f5b-a74e-3033e5a465ad,京都中央信用金庫,2025-06-21 10:05:21.443365,2025-06-21 10:05:21.443365
6816cba4-1697-47fb-b76c-5b2cab9f9093,京都北都信用金庫,2025-06-21 10:05:21.443365,2025-06-21 10:05:21.443365
62430630-4212-4546-9217-ed4fe41dd514,永和信用金庫,2025-06-21 10:05:21.443365,2025-06-21 10:05:21.443365
bc2b098b-a0cd-48ba-bd1c-282f207ee25a,大阪信用金庫,2025-06-21 10:05:21.443365,2025-06-21 10:05:21.443365
495341b6-dca4-48f6-aae6-2c6c96725fbd,大阪厚生信用金庫,2025-06-21 10:05:21.443365,2025-06-21 10:05:21.443365
aaf4f2a4-5a1c-46af-ac17-0933f52d20ed,大阪シティ信用金庫,2025-06-21 10:05:21.443365,2025-06-21 10:05:21.443365
184fd225-a6f7-479a-8da6-c8501bd219ab,大阪商工信用金庫,2025-06-21 10:05:21.443365,2025-06-21 10:05:21.443365
0d0578e9-07e0-40c1-986b-41bb9977b7ca,北おおさか信用金庫,2025-06-21 10:05:21.443365,2025-06-21 10:05:21.443365
8ba231cf-18cb-4ed5-8f98-872a042aa7d8,枚方信用金庫,2025-06-21 10:05:21.443365,2025-06-21 10:05:21.443365
abc274c7-1fba-4495-9b83-a87d1a6d61e5,尼崎信用金庫,2025-06-21 10:05:21.443365,2025-06-21 10:05:21.443365
969f9c58-bda6-4964-8686-e326f2294f25,淡路信用金庫,2025-06-21 10:05:21.443365,2025-06-21 10:05:21.443365
c211881e-834d-4099-b888-320c4bc9c679,神戸信用金庫,2025-06-21 10:05:21.443365,2025-06-21 10:05:21.443365
0d552f16-6c4c-4e91-a5ee-e49f421b917c,但馬信用金庫,2025-06-21 10:05:21.443365,2025-06-21 10:05:21.443365
8ba0f4bd-cec4-453c-95ba-3709acb16288,但陽信用金庫,2025-06-21 10:05:21.443365,2025-06-21 10:05:21.443365
713780e8-627f-4c74-8302-6cc9170d9cbf,中兵庫信用金庫,2025-06-21 10:05:21.443365,2025-06-21 10:05:21.443365
8efcbc68-3304-463e-a931-dd98bde8f8b1,西兵庫信用金庫,2025-06-21 10:05:21.443365,2025-06-21 10:05:21.443365
9c2ad0c8-35dd-4602-9bf3-d4d754104064,日新信用金庫,2025-06-21 10:05:21.443365,2025-06-21 10:05:21.443365
01a6db9d-dc98-418c-858b-12aea3ef2d6d,播州信用金庫,2025-06-21 10:05:21.443365,2025-06-21 10:05:21.443365
e40b52dd-3eca-4ae0-bf4d-019015c61d72,姫路信用金庫,2025-06-21 10:05:21.443365,2025-06-21 10:05:21.443365
a482e2dc-2d31-4a1f-91aa-6f5f89cb54d6,兵庫信用金庫,2025-06-21 10:05:21.443365,2025-06-21 10:05:21.443365
b738d213-9ec6-4ef6-a182-f28ef30a3748,奈良信用金庫,2025-06-21 10:05:21.443365,2025-06-21 10:05:21.443365
fd674d0a-f0a0-4822-9458-c8a507555f7c,奈良中央信用金庫,2025-06-21 10:05:21.443365,2025-06-21 10:05:21.443365
c5efba14-6550-4712-ad2b-b199ec64fb73,大和信用金庫,2025-06-21 10:05:21.443365,2025-06-21 10:05:21.443365
7879e984-84e7-4e7c-b34a-ed40dbe70640,きのくに信用金庫,2025-06-21 10:05:21.443365,2025-06-21 10:05:21.443365
1231a8ba-8605-42c8-a9c4-83a44b9f63de,新宮信用金庫,2025-06-21 10:05:21.443365,2025-06-21 10:05:21.443365
204fbd8b-767f-4698-885c-5133449bdfac,倉吉信用金庫,2025-06-21 10:05:21.443365,2025-06-21 10:05:21.443365
46a6244c-5fd4-472e-9a9b-8a0458f6e77d,鳥取信用金庫,2025-06-21 10:05:21.443365,2025-06-21 10:05:21.443365
df23c139-edfe-4f03-afff-a67f6efe8c09,米子信用金庫,2025-06-21 10:05:21.443365,2025-06-21 10:05:21.443365
16d1c65c-78b8-487e-98b0-68adb516ea52,しまね信用金庫,2025-06-21 10:05:21.443365,2025-06-21 10:05:21.443365
dc060cd5-29a2-4d04-96a1-f9376d977f67,島根中央信用金庫,2025-06-21 10:05:21.443365,2025-06-21 10:05:21.443365
03704e91-6b48-4d2f-a352-d4f0b815b53a,日本海信用金庫,2025-06-21 10:05:21.443365,2025-06-21 10:05:21.443365
68483b6a-b88d-4f27-a7b5-aeca89c4c68b,おかやま信用金庫,2025-06-21 10:05:21.443365,2025-06-21 10:05:21.443365
7f97b743-af70-4f14-a830-435496462dda,吉備信用金庫,2025-06-21 10:05:21.443365,2025-06-21 10:05:21.443365
686addeb-dcbf-4e35-90a5-bece5bc788ec,玉島信用金庫,2025-06-21 10:05:21.443365,2025-06-21 10:05:21.443365
2d6a67c5-19e2-49d1-97ab-afb0f9903c63,津山信用金庫,2025-06-21 10:05:21.443365,2025-06-21 10:05:21.443365
ca8f42cd-a193-4f3a-98c8-cb31918eb305,備前日生信用金庫,2025-06-21 10:05:21.443365,2025-06-21 10:05:21.443365
daabe278-7ad0-41a7-8a86-c2e852202115,備北信用金庫,2025-06-21 10:05:21.443365,2025-06-21 10:05:21.443365
a4b7b766-12ea-4e1b-a54a-2e2d6d16bbc3,水島信用金庫,2025-06-21 10:05:21.443365,2025-06-21 10:05:21.443365
a9df0a63-caf9-44b1-b678-002ad2f4f516,呉信用金庫,2025-06-21 10:05:21.443365,2025-06-21 10:05:21.443365
520a7b8a-591e-4726-90da-518ee50ecc31,しまなみ信用金庫,2025-06-21 10:05:21.443365,2025-06-21 10:05:21.443365
334c3fc2-595b-47a0-8958-e9b3188e7fc5,広島信用金庫,2025-06-21 10:05:21.443365,2025-06-21 10:05:21.443365
97606adf-acc4-44ac-a7bf-e8cf5d0fdcad,広島みどり信用金庫,2025-06-21 10:05:21.443365,2025-06-21 10:05:21.443365
3dc3f6a6-6804-482d-b215-4267c478c861,西中国信用金庫,2025-06-21 10:05:21.443365,2025-06-21 10:05:21.443365
7c4a6725-5ff1-4aad-8322-40dad1594cbc,萩山口信用金庫,2025-06-21 10:05:21.443365,2025-06-21 10:05:21.443365
a51501c2-670d-48e1-8247-f2c9d0eed1ec,東山口信用金庫,2025-06-21 10:05:21.443365,2025-06-21 10:05:21.443365
12487594-d96a-41fc-a9a0-05d5ea65b53e,阿南信用金庫,2025-06-21 10:05:21.443365,2025-06-21 10:05:21.443365
3aa1ec85-9dd6-41b4-a474-f0084f9a0030,徳島信用金庫,2025-06-21 10:05:21.443365,2025-06-21 10:05:21.443365
53969ae1-359d-425a-b2ac-dcab67723292,観音寺信用金庫,2025-06-21 10:05:21.443365,2025-06-21 10:05:21.443365
c88ef12b-4191-47a2-8ae7-94d2d0115fa8,高松信用金庫,2025-06-21 10:05:21.443365,2025-06-21 10:05:21.443365
e7cafe0d-7b96-4f04-8aa5-ce295d2ebd50,宇和島信用金庫,2025-06-21 10:05:21.443365,2025-06-21 10:05:21.443365
aebe84b6-20b0-4e1f-ad6b-1a52bd667b8f,愛媛信用金庫,2025-06-21 10:05:21.443365,2025-06-21 10:05:21.443365
b8284fe9-21c3-427b-ad1a-2d9a61508dbd,川之江信用金庫,2025-06-21 10:05:21.443365,2025-06-21 10:05:21.443365
993b6eca-fb7c-48c8-8694-e1b52d53bd67,東予信用金庫,2025-06-21 10:05:21.443365,2025-06-21 10:05:21.443365
0b321eb5-f75a-4d12-84f6-c7594502c07d,高知信用金庫,2025-06-21 10:05:21.443365,2025-06-21 10:05:21.443365
d659cdd9-2231-44ba-98ea-92d804729ed5,幡多信用金庫,2025-06-21 10:05:21.443365,2025-06-21 10:05:21.443365
b8934d3f-b5f7-4c07-ac92-af36d316af09,飯塚信用金庫,2025-06-21 10:05:21.443365,2025-06-21 10:05:21.443365
b4437f0c-592e-47a6-8436-2a0d89cac600,大川信用金庫,2025-06-21 10:05:21.443365,2025-06-21 10:05:21.443365
336ad618-fd0c-4c66-8cda-4bed236efe1d,大牟田柳川信用金庫,2025-06-21 10:05:21.443365,2025-06-21 10:05:21.443365
c12cd4df-dea9-48a5-bf88-9cce48df26fc,遠賀信用金庫,2025-06-21 10:05:21.443365,2025-06-21 10:05:21.443365
1f5f741b-09e5-4060-af37-7df5e17d5bf9,田川信用金庫,2025-06-21 10:05:21.443365,2025-06-21 10:05:21.443365
78982ca3-8df7-4aba-bfac-30af8baf89ed,筑後信用金庫,2025-06-21 10:05:21.443365,2025-06-21 10:05:21.443365
8baf0b08-2b3d-4c1e-af8d-9e3bfdf749ef,福岡信用金庫,2025-06-21 10:05:21.443365,2025-06-21 10:05:21.443365
4c4e9324-f67c-4c83-b78d-f44a93e5c5e4,福岡ひびき信用金庫,2025-06-21 10:05:21.443365,2025-06-21 10:05:21.443365
9218e15e-ea2b-45a3-92bc-585d01219337,伊万里信用金庫,2025-06-21 10:05:21.443365,2025-06-21 10:05:21.443365
741f2695-cd84-4118-be7a-c60fde5f0007,唐津信用金庫,2025-06-21 10:05:21.443365,2025-06-21 10:05:21.443365
44dfb344-37b4-491f-9870-44730d2f12c4,九州ひぜん信用金庫,2025-06-21 10:05:21.443365,2025-06-21 10:05:21.443365
605cbeec-8bbc-4a2c-bf7c-31dd93fad8bf,佐賀信用金庫,2025-06-21 10:05:21.443365,2025-06-21 10:05:21.443365
16f30bb8-e279-45b0-96a7-025f6d450615,たちばな信用金庫,2025-06-21 10:05:21.443365,2025-06-21 10:05:21.443365
bd7e3220-3b1b-48af-ab40-6e714852cba7,天草信用金庫,2025-06-21 10:05:21.443365,2025-06-21 10:05:21.443365
8a159107-1f9b-47c5-9393-301baf986c54,熊本信用金庫,2025-06-21 10:05:21.443365,2025-06-21 10:05:21.443365
24ec2af0-9898-436e-95a2-db3f4ec127fb,熊本第一信用金庫,2025-06-21 10:05:21.443365,2025-06-21 10:05:21.443365
c87c7b37-7dcd-425f-a094-5b6a844c66c2,熊本中央信用金庫,2025-06-21 10:05:21.443365,2025-06-21 10:05:21.443365
4751d3f2-7225-4f54-b420-102cdc0bf393,大分信用金庫,2025-06-21 10:05:21.443365,2025-06-21 10:05:21.443365
fde2c20d-5ba3-4e43-a8bd-0740ab6abad4,大分みらい信用金庫,2025-06-21 10:05:21.443365,2025-06-21 10:05:21.443365
f31293d3-1f58-4db2-91aa-5282027f68fd,日田信用金庫,2025-06-21 10:05:21.443365,2025-06-21 10:05:21.443365
b8c06f31-276b-4a94-b877-85bce45c20d1,高鍋信用金庫,2025-06-21 10:05:21.443365,2025-06-21 10:05:21.443365
f6eea667-77ba-4856-aea3-0201b0494248,延岡信用金庫,2025-06-21 10:05:21.443365,2025-06-21 10:05:21.443365
8bc860be-beec-4132-917c-92ad0e417326,宮崎第一信用金庫,2025-06-21 10:05:21.443365,2025-06-21 10:05:21.443365
89c0b8b0-8c42-48fd-98ba-f2a24b6a3cd2,奄美大島信用金庫,2025-06-21 10:05:21.443365,2025-06-21 10:05:21.443365
ca42d505-c6f4-4aa8-a1d7-ab921acf648c,鹿児島信用金庫,2025-06-21 10:05:21.443365,2025-06-21 10:05:21.443365
a9e4ac9c-98ed-4b1f-bf88-a0fe6cc85144,鹿児島相互信用金庫,2025-06-21 10:05:21.443365,2025-06-21 10:05:21.443365
728f7cd7-36ed-4f37-82ea-eb028ca87553,コザ信用金庫,2025-06-21 10:05:21.443365,2025-06-21 10:05:21.443365
f596dbbf-5fdc-4db4-b0e7-861415842e0f,全国信用協同組合連合会,2025-06-21 10:05:21.443365,2025-06-21 10:05:21.443365
bb24baa0-85f7-491e-8c4d-8838b288ffff,ウリ信用組合,2025-06-21 10:05:21.443365,2025-06-21 10:05:21.443365
6e77ee56-6eef-48ab-bed0-e8c7c36a0298,釧路信用組合,2025-06-21 10:06:04.369611,2025-06-21 10:06:04.369611
4fce5877-c374-4209-ad23-b50aaf5b84db,札幌中央信用組合,2025-06-21 10:06:04.369611,2025-06-21 10:06:04.369611
5b0d99ee-f326-462c-8f12-a98a2592cc6e,空知商工信用組合,2025-06-21 10:06:04.369611,2025-06-21 10:06:04.369611
840d2715-2ce6-4650-bced-c6642bc1a835,十勝信用組合,2025-06-21 10:06:04.369611,2025-06-21 10:06:04.369611
4fd1cc97-f23f-4f69-ba71-e2983a5d7f15,函館商工信用組合,2025-06-21 10:06:04.369611,2025-06-21 10:06:04.369611
edcded92-2cdc-4280-a8c4-7ca0b125e6ea,北央信用組合,2025-06-21 10:06:04.369611,2025-06-21 10:06:04.369611
42b9135e-b11c-4d96-9471-754f15b66820,青森県信用組合,2025-06-21 10:06:04.369611,2025-06-21 10:06:04.369611
c985a847-68de-4fe4-bbe0-d2f71510a167,岩手県医師信用組合,2025-06-21 10:06:04.369611,2025-06-21 10:06:04.369611
e513960d-472d-4df2-8050-c20cb2b3f21e,杜陵信用組合,2025-06-21 10:06:04.369611,2025-06-21 10:06:04.369611
5c010342-8b5b-4288-a894-c14c033291d3,石巻商工信用組合,2025-06-21 10:06:04.369611,2025-06-21 10:06:04.369611
9eb5c73b-8caf-494c-9f24-d6fabdbde1cb,仙北信用組合,2025-06-21 10:06:04.369611,2025-06-21 10:06:04.369611
96445251-1ff7-4a13-94e2-aeecac802418,古川信用組合,2025-06-21 10:06:04.369611,2025-06-21 10:06:04.369611
4e51a242-66e1-4da8-aed8-f4ca33a68f3a,秋田県信用組合,2025-06-21 10:06:04.369611,2025-06-21 10:06:04.369611
eded9cec-e32b-40e0-9c3e-081441fd37db,北郡信用組合,2025-06-21 10:06:04.369611,2025-06-21 10:06:04.369611
c0c7b2bd-b182-4cc9-95e3-a464d14fe2da,山形県医師信用組合,2025-06-21 10:06:04.369611,2025-06-21 10:06:04.369611
7cd4f475-5bc5-4e23-adf6-13a4a6fdea7e,山形第一信用組合,2025-06-21 10:06:04.369611,2025-06-21 10:06:04.369611
534df739-8f24-4d57-9f90-fb7a88cbfba5,山形中央信用組合,2025-06-21 10:06:04.369611,2025-06-21 10:06:04.369611
9d131667-b63e-4241-a1df-313783cdfaaf,会津商工信用組合,2025-06-21 10:06:04.369611,2025-06-21 10:06:04.369611
ca65f2f6-b97a-47d1-b5ac-7fb6e1ceebef,いわき信用組合,2025-06-21 10:06:04.369611,2025-06-21 10:06:04.369611
0e4cdcd4-81fd-44f9-b02c-fa6c92f4bcd4,相双五城信用組合,2025-06-21 10:06:04.369611,2025-06-21 10:06:04.369611
01cc6104-2492-4f4b-a04e-8fbeb5d00f06,福島県商工信用組合,2025-06-21 10:06:04.369611,2025-06-21 10:06:04.369611
c7061afb-7890-4037-b12f-8b9b4916a784,茨城県信用組合,2025-06-21 10:06:04.369611,2025-06-21 10:06:04.369611
c202245d-8f00-48e8-8b55-e5b833a2652d,那須信用組合,2025-06-21 10:06:04.369611,2025-06-21 10:06:04.369611
b4a63d1d-2d69-4252-b6b4-a24872cd13ed,真岡信用組合,2025-06-21 10:06:04.369611,2025-06-21 10:06:04.369611
78bf9ed0-5d70-43d9-8f5d-237313bc8819,あかぎ信用組合,2025-06-21 10:06:04.369611,2025-06-21 10:06:04.369611
5b77bcfb-5137-490c-a549-10cb215b014f,群馬県信用組合,2025-06-21 10:06:04.369611,2025-06-21 10:06:04.369611
48c00137-b114-42f9-9264-b3e94f4a1179,群馬県医師信用組合,2025-06-21 10:06:04.369611,2025-06-21 10:06:04.369611
2244cd93-d7ce-45a8-8db7-85cdd0f60aeb,ぐんまみらい信用組合,2025-06-21 10:06:04.369611,2025-06-21 10:06:04.369611
a2db6340-89e5-4fac-aaae-29cedf856cbd,熊谷商工信用組合,2025-06-21 10:06:04.369611,2025-06-21 10:06:04.369611
5f463d9c-1f2a-4f72-ba64-b4075f45b259,埼玉信用組合,2025-06-21 10:06:04.369611,2025-06-21 10:06:04.369611
63e58506-3526-49ea-a117-8915d5a3d448,埼玉県医師信用組合,2025-06-21 10:06:04.369611,2025-06-21 10:06:04.369611
4db02410-de1d-4b39-ab53-1cbad70c071e,君津信用組合,2025-06-21 10:06:04.369611,2025-06-21 10:06:04.369611
e2fc182a-abfd-4305-94f5-146d96386af9,銚子商工信用組合,2025-06-21 10:06:04.369611,2025-06-21 10:06:04.369611
b5cee0a0-5db7-4d75-973a-ccf4c691b12a,房総信用組合,2025-06-21 10:06:04.369611,2025-06-21 10:06:04.369611
93f480d6-9201-4245-a216-c3437810fa74,朝日新聞信用組合,2025-06-21 10:06:04.369611,2025-06-21 10:06:04.369611
a00bc387-39ae-4098-8421-e99e3ab36a45,あすか信用組合,2025-06-21 10:06:04.369611,2025-06-21 10:06:04.369611
e7c18284-83fd-470f-a82f-eae69309c2db,東信用組合,2025-06-21 10:06:04.369611,2025-06-21 10:06:04.369611
f821fcab-0072-4de1-97b5-0e08e7e6a6d3,共立信用組合,2025-06-21 10:06:04.369611,2025-06-21 10:06:04.369611
1c75a50e-bf57-417f-8082-e48fb59986f5,警視庁職員信用組合,2025-06-21 10:06:04.369611,2025-06-21 10:06:04.369611
0abb72b6-440f-4b88-b16a-887340c555f3,江東信用組合,2025-06-21 10:06:04.369611,2025-06-21 10:06:04.369611
488b96d0-112a-4bf9-94df-efdb1526644d,七島信用組合,2025-06-21 10:06:04.369611,2025-06-21 10:06:04.369611
68d26223-67ec-49d3-acc6-1b79fef4180e,青和信用組合,2025-06-21 10:06:04.369611,2025-06-21 10:06:04.369611
83d2da3a-3009-43b8-b1b3-b9642dda444b,全東栄信用組合,2025-06-21 10:06:04.369611,2025-06-21 10:06:04.369611
430cb6de-5511-4ae3-9839-d181bfe9af3d,第一勧業信用組合,2025-06-21 10:06:04.369611,2025-06-21 10:06:04.369611
aacb2eff-52d6-454e-8858-c7ac072eb11d,大東京信用組合,2025-06-21 10:06:04.369611,2025-06-21 10:06:04.369611
e9b9f77a-e36a-411b-a880-79b08004194c,東京厚生信用組合,2025-06-21 10:06:04.369611,2025-06-21 10:06:04.369611
09e77914-2928-4ad6-9bcd-f5623a754347,東京証券信用組合,2025-06-21 10:06:04.369611,2025-06-21 10:06:04.369611
0ca47e4b-82ca-4c6c-9e9c-a57897ca2010,東京消防信用組合,2025-06-21 10:06:04.369611,2025-06-21 10:06:04.369611
5475f0dd-0643-4b38-8724-577c1d26248e,東京都職員信用組合,2025-06-21 10:06:04.369611,2025-06-21 10:06:04.369611
8e3e0bf3-bc98-4c26-b665-6a3c9d11455e,東浴信用組合,2025-06-21 10:06:04.369611,2025-06-21 10:06:04.369611
95377299-dc2f-442b-a757-f2ce8ec9babd,中ノ郷信用組合,2025-06-21 10:06:04.369611,2025-06-21 10:06:04.369611
3a731c34-26f3-4f29-a3d6-6ce2953e862a,ハナ信用組合,2025-06-21 10:06:04.369611,2025-06-21 10:06:04.369611
0db6dab3-b0db-455c-af5d-2c5744de1db8,文化産業信用組合,2025-06-21 10:06:04.369611,2025-06-21 10:06:04.369611
cc298074-0d01-46cd-8aac-884b44514690,小田原第一信用組合,2025-06-21 10:06:04.369611,2025-06-21 10:06:04.369611
c63f6619-5004-4b7b-a239-cbb97eaf3cfa,神奈川県医師信用組合,2025-06-21 10:06:04.369611,2025-06-21 10:06:04.369611
3c08ecdb-b115-410b-8e8b-cce3726701ad,神奈川県歯科医師信用組合,2025-06-21 10:06:04.369611,2025-06-21 10:06:04.369611
95ff62b7-06f9-453f-a62e-4d9453a99c83,横浜幸銀信用組合,2025-06-21 10:06:04.369611,2025-06-21 10:06:04.369611
16d75af9-761b-4c48-b111-3dfd7bee7a50,相愛信用組合,2025-06-21 10:06:04.369611,2025-06-21 10:06:04.369611
ad70272a-df98-4808-a52f-64c3eaf881f0,信用組合横浜華銀,2025-06-21 10:06:04.369611,2025-06-21 10:06:04.369611
b77897e8-b1de-48ae-bb99-8e3588fea47a,糸魚川信用組合,2025-06-21 10:06:04.369611,2025-06-21 10:06:04.369611
a79cf18b-a1b7-40cd-8cdf-cd06d6c9efe7,協栄信用組合,2025-06-21 10:06:04.369611,2025-06-21 10:06:04.369611
afba122d-1a70-4aa0-847a-5da2ecf65aa2,興栄信用組合,2025-06-21 10:06:04.369611,2025-06-21 10:06:04.369611
908b38bc-fa72-4b90-953b-d247b56b1799,ゆきぐに信用組合,2025-06-21 10:06:04.369611,2025-06-21 10:06:04.369611
3b32b626-bfae-4fa9-86af-0d95c0d4e2ae,新潟縣信用組合,2025-06-21 10:06:04.369611,2025-06-21 10:06:04.369611
d5a0fc06-cc97-439d-80fb-252afc8272db,新潟大栄信用組合,2025-06-21 10:06:04.369611,2025-06-21 10:06:04.369611
257bbffd-bbb1-455e-ab1f-0a2c18c2d662,はばたき信用組合,2025-06-21 10:06:04.369611,2025-06-21 10:06:04.369611
c8351312-f000-4d6c-9ea0-2fd42208e126,巻信用組合,2025-06-21 10:06:04.369611,2025-06-21 10:06:04.369611
8390f338-bb8d-453e-a13d-afa755d21b63,都留信用組合,2025-06-21 10:06:04.369611,2025-06-21 10:06:04.369611
369ea668-b747-418c-aa0d-512f9067b098,山梨県民信用組合,2025-06-21 10:06:04.369611,2025-06-21 10:06:04.369611
c4b4c9cd-cef0-420c-a7c5-721c91dda151,長野県信用組合,2025-06-21 10:06:04.369611,2025-06-21 10:06:04.369611
e9060b92-2d82-4d1f-aa81-904e1cabe44e,イオ信用組合,2025-06-21 10:06:04.369611,2025-06-21 10:06:04.369611
37a46010-3f6c-4d72-bfef-15b847919270,岐阜県医師信用組合,2025-06-21 10:06:04.369611,2025-06-21 10:06:04.369611
abae5b80-4e65-4102-bf1c-e825ad290b8f,岐阜商工信用組合,2025-06-21 10:06:04.369611,2025-06-21 10:06:04.369611
0dc26ac9-0baf-4c44-947d-fd931c89da4d,飛騨信用組合,2025-06-21 10:06:04.369611,2025-06-21 10:06:04.369611
d5825b55-f897-4b1c-bff5-653d04340f69,益田信用組合,2025-06-21 10:06:04.369611,2025-06-21 10:06:04.369611
c4c54008-151f-44a5-af4e-c0bfe0021779,静岡県医師信用組合,2025-06-21 10:06:04.369611,2025-06-21 10:06:04.369611
9afdec63-ca13-4161-849a-a478afc60aeb,愛知県医師信用組合,2025-06-21 10:06:04.369611,2025-06-21 10:06:04.369611
f1a19d9a-4ffc-4e64-9e1b-3685e4392207,愛知県医療信用組合,2025-06-21 10:06:04.369611,2025-06-21 10:06:04.369611
55ae2e60-c0e9-4d61-9c4f-0c65e01a5d98,愛知県警察信用組合,2025-06-21 10:06:04.369611,2025-06-21 10:06:04.369611
7fe4629c-9308-4df0-9a9e-9c14b880d131,愛知県中央信用組合,2025-06-21 10:06:04.369611,2025-06-21 10:06:04.369611
80dc8d4c-f903-4981-8372-f5c261c38e39,信用組合愛知商銀,2025-06-21 10:06:04.369611,2025-06-21 10:06:04.369611
8be08be3-c9c8-4350-9e09-b4fb422ee80d,豊橋商工信用組合,2025-06-21 10:06:04.369611,2025-06-21 10:06:04.369611
753a7f89-f33f-422d-8af2-6bc35b931263,名古屋青果物信用組合,2025-06-21 10:06:04.369611,2025-06-21 10:06:04.369611
b1d9a77f-466e-4377-9b24-24007ee85e3d,丸八信用組合,2025-06-21 10:06:04.369611,2025-06-21 10:06:04.369611
a0a2440c-5b9d-403f-b2f7-feeecade69e2,三重県職員信用組合,2025-06-21 10:06:04.369611,2025-06-21 10:06:04.369611
28e96e7d-dc98-4f01-b23a-cd7b60505e67,富山県信用組合,2025-06-21 10:06:04.369611,2025-06-21 10:06:04.369611
4e95575f-8263-46e5-b145-2ce49d56e1f0,富山県医師信用組合,2025-06-21 10:06:04.369611,2025-06-21 10:06:04.369611
d7a026e0-1338-4e46-a97f-c927f1164c52,石川県医師信用組合,2025-06-21 10:06:04.369611,2025-06-21 10:06:04.369611
0c516787-933a-4a67-bf24-980e5a057b55,金沢中央信用組合,2025-06-21 10:06:04.369611,2025-06-21 10:06:04.369611
df3ae773-e7a1-4c00-994f-51668d98e5f8,福井県医師信用組合,2025-06-21 10:06:04.369611,2025-06-21 10:06:04.369611
667284dd-a7c0-42a5-b834-b83294429464,福泉信用組合,2025-06-21 10:06:04.369611,2025-06-21 10:06:04.369611
e5b2da66-b04f-44cf-a1ab-4784a4f8ac3b,滋賀県信用組合,2025-06-21 10:06:04.369611,2025-06-21 10:06:04.369611
38ef3a46-4eb7-4ebc-93ab-0ee9f5adf998,滋賀県民信用組合,2025-06-21 10:06:04.369611,2025-06-21 10:06:04.369611
b3ddb470-9bfe-49f5-adb7-7de70d2b153a,京滋信用組合,2025-06-21 10:06:04.369611,2025-06-21 10:06:04.369611
9be9d2c5-6f4e-40cc-9461-120df44a4ca3,大阪協栄信用組合,2025-06-21 10:06:04.369611,2025-06-21 10:06:04.369611
c6e893a8-6bcb-4bfa-bf6b-79cc3f9cb76f,大阪貯蓄信用組合,2025-06-21 10:06:04.369611,2025-06-21 10:06:04.369611
f6375ba6-36ab-494f-a9a7-bedf3b87de36,大阪府医師信用組合,2025-06-21 10:06:04.369611,2025-06-21 10:06:04.369611
85a8cbf1-dff5-4407-8c19-aff7fdde913e,大阪府警察信用組合,2025-06-21 10:06:04.369611,2025-06-21 10:06:04.369611
c4c89773-0a1e-4f4f-b5ff-8e73ecb4d2e0,近畿産業信用組合,2025-06-21 10:06:04.369611,2025-06-21 10:06:04.369611
1515d8aa-d483-48dd-a1e1-8175b98acbeb,成協信用組合,2025-06-21 10:06:04.369611,2025-06-21 10:06:04.3696115ec58185-a6c7-47fb-ae59-0e47bcad800e,大同信用組合,2025-06-21 10:06:44.468489,2025-06-21 10:06:44.468489
5cbdc281-4f5a-4f0f-9065-a31391b46843,中央信用組合,2025-06-21 10:06:44.468489,2025-06-21 10:06:44.468489
dde7d72b-1ec5-405c-8565-d91c783b3331,のぞみ信用組合,2025-06-21 10:06:44.468489,2025-06-21 10:06:44.468489
cc9821bb-f662-45d2-90d1-7e8b9d2e2a98,毎日信用組合,2025-06-21 10:06:44.468489,2025-06-21 10:06:44.468489
eff894a2-dafd-4f02-bca0-de0d0d8a6d8a,ミレ信用組合,2025-06-21 10:06:44.468489,2025-06-21 10:06:44.468489
f15ac517-2cbb-40d7-835e-1f81e3cc25a5,神戸市職員信用組合,2025-06-21 10:06:44.468489,2025-06-21 10:06:44.468489
1778b818-d775-4b74-826a-3f85892ebd2e,淡陽信用組合,2025-06-21 10:06:44.468489,2025-06-21 10:06:44.468489
04aa6a49-1ef2-466c-b12a-afc87eb7dd76,兵庫県信用組合,2025-06-21 10:06:44.468489,2025-06-21 10:06:44.468489
de1f25a3-98e2-4059-ae05-1bb061f9b99a,兵庫県医療信用組合,2025-06-21 10:06:44.468489,2025-06-21 10:06:44.468489
50f163ba-5fd4-4095-9687-0b57876adf89,兵庫県警察信用組合,2025-06-21 10:06:44.468489,2025-06-21 10:06:44.468489
1949bde8-98e2-4b86-a748-5b1377b54365,兵庫ひまわり信用組合,2025-06-21 10:06:44.468489,2025-06-21 10:06:44.468489
96b33a48-0d17-4581-ad9b-4fe3364ffa9e,和歌山県医師信用組合,2025-06-21 10:06:44.468489,2025-06-21 10:06:44.468489
5516397c-9597-4865-83ab-d3024e1b03f5,島根益田信用組合,2025-06-21 10:06:44.468489,2025-06-21 10:06:44.468489
f24ab406-f286-4be8-b8ec-103ea034f857,笠岡信用組合,2025-06-21 10:06:44.468489,2025-06-21 10:06:44.468489
146db3d8-7058-46d8-935f-71bb2470e731,朝銀西信用組合,2025-06-21 10:06:44.468489,2025-06-21 10:06:44.468489
b5ebb7c1-5f09-47e3-9a7f-be2c36d304a0,呉市職員信用組合,2025-06-21 10:06:44.468489,2025-06-21 10:06:44.468489
88248cca-e393-48bb-9df8-fbe9d11a3fb5,広島県信用組合,2025-06-21 10:06:44.468489,2025-06-21 10:06:44.468489
6218cf6d-b919-4741-81fb-3e2f046407d9,広島市信用組合,2025-06-21 10:06:44.468489,2025-06-21 10:06:44.468489
96affd01-460a-4c6d-891c-f16efdc9f224,信用組合広島商銀,2025-06-21 10:06:44.468489,2025-06-21 10:06:44.468489
d4ae3ba7-efab-471c-9a28-5a50cefc451f,備後信用組合,2025-06-21 10:06:44.468489,2025-06-21 10:06:44.468489
0d1db770-22df-4ee8-8d4f-e4e0cf267cc7,両備信用組合,2025-06-21 10:06:44.468489,2025-06-21 10:06:44.468489
ee46a536-2974-4f99-ae78-4740c4699825,山口県信用組合,2025-06-21 10:06:44.468489,2025-06-21 10:06:44.468489
7236d685-0cf6-4378-ba8b-ced9983edc8a,香川県信用組合,2025-06-21 10:06:44.468489,2025-06-21 10:06:44.468489
b808d0ea-fc20-4ce5-b855-aa2fa70d659e,宿毛商銀信用組合,2025-06-21 10:06:44.468489,2025-06-21 10:06:44.468489
b9366fb6-caa3-42cd-a370-35042ea21d7a,土佐信用組合,2025-06-21 10:06:44.468489,2025-06-21 10:06:44.468489
19b0fd52-40a0-4e00-81ef-add91f0bcc5c,福岡県医師信用組合,2025-06-21 10:06:44.468489,2025-06-21 10:06:44.468489
1bd86598-b6c5-4e00-83e8-0a77631c262d,福岡県信用組合,2025-06-21 10:06:44.468489,2025-06-21 10:06:44.468489
fde65728-bf50-4684-8f47-006333043e74,福岡県庁信用組合,2025-06-21 10:06:44.468489,2025-06-21 10:06:44.468489
28cf26de-56cd-4010-aec8-9f438f869569,佐賀県医師信用組合,2025-06-21 10:06:44.468489,2025-06-21 10:06:44.468489
6a948eb3-e2b0-4562-b310-5360b97061ab,佐賀西信用組合,2025-06-21 10:06:44.468489,2025-06-21 10:06:44.468489
4e4b673b-712b-41b4-970a-d5b4ff9c7249,佐賀東信用組合,2025-06-21 10:06:44.468489,2025-06-21 10:06:44.468489
7c58d089-7d11-4dd1-9626-b091a5f2d7ab,西海みずき信用組合,2025-06-21 10:06:44.468489,2025-06-21 10:06:44.468489
d8320461-929b-4361-b036-db75fab75c0d,長崎県医師信用組合,2025-06-21 10:06:44.468489,2025-06-21 10:06:44.468489
3a978806-94dd-4db3-98fa-d6445ecdf3bc,長崎三菱信用組合,2025-06-21 10:06:44.468489,2025-06-21 10:06:44.468489
3a7a1c43-e361-4956-a72d-6373148aa3a9,福江信用組合,2025-06-21 10:06:44.468489,2025-06-21 10:06:44.468489
65deb915-c733-463d-9c6d-ecb3119dba5f,熊本県信用組合,2025-06-21 10:06:44.468489,2025-06-21 10:06:44.468489
1a112ca5-ca0d-4ab7-a85b-5d58a9842c05,熊本県医師信用組合,2025-06-21 10:06:44.468489,2025-06-21 10:06:44.468489
92c3765a-9441-4746-924e-8dd4035d384b,大分県信用組合,2025-06-21 10:06:44.468489,2025-06-21 10:06:44.468489
2bf2378a-2a33-460d-8c8b-ef46cbbcb104,宮崎県南部信用組合,2025-06-21 10:06:44.468489,2025-06-21 10:06:44.468489
ce0aad34-c377-43bd-afb9-99f5fd697dd8,奄美信用組合,2025-06-21 10:06:44.468489,2025-06-21 10:06:44.468489
04170833-6e3c-42ae-972c-0113fe35f4ee,鹿児島県医師信用組合,2025-06-21 10:06:44.468489,2025-06-21 10:06:44.468489
0cfe4eff-fc3f-4cb9-995f-476e4b3566b0,鹿児島興業信用組合,2025-06-21 10:06:44.468489,2025-06-21 10:06:44.468489
40d95caf-7bd8-4ea2-a988-a22d8367b5a3,株式会社商工組合中央金庫,2025-06-21 10:06:44.468489,2025-06-21 10:06:44.468489
87358a56-410b-498d-b76b-3335f374c012,日本政策金融公庫,2025-06-21 10:06:44.468489,2025-06-21 10:06:44.468489
e7131239-dee1-4099-b640-921f27cb1189,日本政策投資銀行,2025-06-21 10:06:44.468489,2025-06-21 10:06:44.468489
b871262e-ece9-4a0c-8ba6-3f9f832495f4,沖縄振興開発金融公庫,2025-06-21 10:06:44.468489,2025-06-21 10:06:44.468489
90ac40ab-24e5-41e2-850d-b71e37f6c7e4,国際協力銀行,2025-06-21 10:06:44.468489,2025-06-21 10:06:44.468489